ID,s1_delta_r
ZINC000001617253,2.4e-05
ZINC000095863262,0.000129
ZINC000003861007,0.000144
ZINC000003848025,0.000371
ZINC000000401340,0.000425
ZINC000001752394,0.000438
ZINC000008763868,0.000526
ZINC000002312010,0.000543
ZINC000002025801,0.00099
ZINC000014983648,0.001046
ZINC000005729222,0.001457
ZINC000000626166,0.001467
ZINC000001872066,0.001637
ZINC000005705162,0.00279
ZINC000031623337,0.002796
ZINC000004551992,0.003395
ZINC000013562166,0.004134
ZINC000000398466,0.004298
ZINC000004982636,0.012437
ZINC000003186076,0.016201
ZINC000001590838,0.016367
ZINC000016163021,0.016752
ZINC000004948420,0.017458
ZINC000001710847,0.021729
ZINC000003843476,0.022244
ZINC000002144094,0.024255
ZINC000100369018,0.034287
ZINC000005605211,0.035459
ZINC000077028633,0.045317
ZINC000001024132,0.084367
ZINC000003847075,0.087556
ZINC000013602104,0.093868
ZINC000001634291,0.113757
ZINC000005527621,0.145479
ZINC000002896382,0.152724
ZINC000144219012,0.191901
ZINC000001510094,0.205427
ZINC000001569638,0.23318
ZINC000003583057,0.239533
ZINC000016941977,0.249329
ZINC000000397790,0.266017
ZINC000008782877,0.274079
ZINC000004995377,0.281742
ZINC000003080766,0.299361
ZINC000001625742,0.313862
ZINC000039931352,0.334619
ZINC000048253574,0.352959
ZINC000006476342,0.359967
ZINC000001593377,0.362716
ZINC000334138943,0.37177
ZINC000080545116,0.371919
ZINC000005064803,0.375685
ZINC000043214960,0.379711
ZINC000101193133,0.383447
ZINC000006243846,0.391816
ZINC000001568197,0.395691
ZINC000252494278,0.403849
ZINC000003844983,0.411099
ZINC000001764684,0.424696
ZINC000005022788,0.4251
ZINC000001718628,0.435745
ZINC000001699986,0.445256
ZINC000004891437,0.44633
ZINC000058402756,0.451948
ZINC000000461492,0.455407
ZINC000095424297,0.460773
ZINC000252628515,0.461321
ZINC000059326230,0.467078
ZINC000000312017,0.478732
ZINC000100189748,0.478763
ZINC000096111312,0.48185
ZINC000001587998,0.486276
ZINC000001622598,0.495277
ZINC000225502549,0.514266
ZINC000010274255,0.528043
ZINC000041091548,0.528822
ZINC000001647615,0.529457
ZINC000001588103,0.534007
ZINC000003209641,0.540407
ZINC000004864085,0.541991
ZINC000006453869,0.546955
ZINC000021996464,0.553253
ZINC000252517814,0.558708
ZINC000016958471,0.560001
ZINC000071769571,0.562301
ZINC000043214906,0.570821
ZINC000002831601,0.57298
ZINC000018192822,0.581823
ZINC000003132326,0.582152
ZINC000008403752,0.586697
ZINC000150344104,0.58863
ZINC000002913469,0.599582
ZINC000001226312,0.602563
ZINC000001603902,0.607375
ZINC000226245047,0.609708
ZINC000002895944,0.618469
ZINC000103690836,0.621897
ZINC000003832803,0.622937
ZINC000078546367,0.62431
ZINC000155421271,0.630027
ZINC000034604143,0.630092
ZINC000004285528,0.631515
ZINC000009708863,0.631611
ZINC000001351655,0.632421
ZINC000012346527,0.633613
ZINC000005759812,0.637051
ZINC000004084301,0.640063
ZINC000005188495,0.651999
ZINC000002831365,0.652727
ZINC000058378075,0.660219
ZINC000072278373,0.660478
ZINC000001679089,0.66075
ZINC000063612829,0.664795
ZINC000001505284,0.670764
ZINC000001588003,0.672058
ZINC000030000872,0.67273
ZINC000003120969,0.678055
ZINC000003190087,0.683393
ZINC000952993645,0.6846
ZINC000025693735,0.685672
ZINC000000064440,0.689221
ZINC000020815817,0.692381
ZINC000032267378,0.696994
ZINC000032029437,0.702387
ZINC000585130505,0.703382
ZINC000001636581,0.703625
ZINC000005184879,0.710155
ZINC000006665893,0.711966
ZINC000102266176,0.715138
ZINC000952980957,0.717718
ZINC000040952085,0.730106
ZINC000018192824,0.732076
ZINC000008453449,0.7332
ZINC000001588094,0.733292
ZINC000000384087,0.733504
ZINC000001736939,0.734497
ZINC000006089025,0.73597
ZINC000226860346,0.738112
ZINC000058354726,0.739354
ZINC000001698355,0.740901
ZINC000606346870,0.753853
ZINC000004013917,0.756283
ZINC000004659160,0.764719
ZINC000003959415,0.765155
ZINC000066489295,0.766166
ZINC000027646936,0.766496
ZINC000003844474,0.76687
ZINC000097950377,0.767273
ZINC000000207348,0.775444
ZINC000075163120,0.777774
ZINC000003200262,0.778899
ZINC000408721813,0.783076
ZINC000024831037,0.791129
ZINC000016236856,0.792459
ZINC000000714082,0.796421
ZINC000002057763,0.806384
ZINC000004984467,0.809303
ZINC000328596584,0.813828
ZINC000036646373,0.814127
ZINC000002332197,0.816529
ZINC000001718650,0.817777
ZINC000256056001,0.818055
ZINC000059422908,0.821412
ZINC000028526929,0.827424
ZINC000001726913,0.82934
ZINC000004322204,0.832627
ZINC000005705265,0.836479
ZINC000089505616,0.837395
ZINC000058393697,0.842811
ZINC000096180376,0.843898
ZINC000001664727,0.8474
ZINC000016930400,0.848055
ZINC000604940600,0.849156
ZINC000000389629,0.849185
ZINC000085651133,0.851915
ZINC000003263616,0.853285
ZINC000002368516,0.855807
ZINC000253404123,0.860713
ZINC000000251616,0.862529
ZINC000002652409,0.865479
ZINC000011526859,0.867155
ZINC000100762098,0.8686
ZINC000254406746,0.868942
ZINC000016230711,0.86996
ZINC000238623034,0.871529
ZINC000012445687,0.872356
ZINC000226860268,0.8724
ZINC000058380627,0.873861
ZINC000005772600,0.876395
ZINC000095482939,0.876838
ZINC000056936325,0.877121
ZINC000001583527,0.878359
ZINC000062639953,0.879996
ZINC000005521414,0.883098
ZINC000004833324,0.887632
ZINC000017014699,0.888593
ZINC000058432903,0.889273
ZINC000000802076,0.889519
ZINC000000442945,0.889684
ZINC000016946274,0.893028
ZINC000005241907,0.89363
ZINC000019690672,0.894574
ZINC000005948917,0.900112
ZINC000001646457,0.903162
ZINC000029953445,0.904191
ZINC000005604577,0.908184
ZINC000096013450,0.910005
ZINC000002811165,0.918668
ZINC000005704866,0.918774
ZINC000006244170,0.921095
ZINC000004807003,0.926798
ZINC000002636401,0.927825
ZINC000102596364,0.929027
ZINC000007089618,0.929789
ZINC000001087627,0.929838
ZINC000012736518,0.930355
ZINC000001590837,0.932181
ZINC000095842345,0.941967
ZINC000098073687,0.944335
ZINC000000306478,0.944631
ZINC000004517642,0.945773
ZINC000170590977,0.947717
ZINC000011362953,0.950514
ZINC000069456873,0.952102
ZINC000063819436,0.952797
ZINC000033368146,0.953553
ZINC000002566578,0.954231
ZINC000027345742,0.958973
ZINC000004273477,0.959151
ZINC000226860078,0.960739
ZINC000104305092,0.962912
ZINC000080345964,0.96871
ZINC000022828684,0.969057
ZINC000003149586,0.970779
ZINC000004832806,0.972711
ZINC000004531805,0.974692
ZINC000255189843,0.975022
ZINC000065487761,0.97845
ZINC000042702894,0.983815
ZINC000002562052,0.984237
ZINC000001030399,0.984561
ZINC000002555621,0.985169
ZINC000004952695,0.986238
ZINC000002539285,0.98646
ZINC000104248674,0.988211
ZINC000001196615,0.989709
ZINC000062021842,0.991793
ZINC000004429418,0.992322
ZINC000001218039,0.992499
ZINC000001610186,0.99327
ZINC000068601390,0.996502
ZINC000000469901,0.997656
ZINC000059338784,1.000863
ZINC000005085567,1.002523
ZINC000001781783,1.007896
ZINC000012569664,1.009727
ZINC000095442857,1.011178
ZINC000035323903,1.011339
ZINC000000174153,1.013571
ZINC000005234122,1.017946
ZINC000072284129,1.02054
ZINC000005952711,1.020652
ZINC000521825346,1.021801
ZINC000000198353,1.021879
ZINC000007168347,1.024469
ZINC000252457546,1.026278
ZINC000001770327,1.026581
ZINC000001688998,1.02667
ZINC000023012762,1.029405
ZINC000000347534,1.029967
ZINC000000346937,1.031654
ZINC000067783950,1.033659
ZINC000007056844,1.035418
ZINC000013216788,1.037894
ZINC000010025490,1.038544
ZINC000075278496,1.039629
ZINC000005740246,1.040989
ZINC000045068546,1.041248
ZINC000001086636,1.042469
ZINC000000758779,1.043288
ZINC000058356868,1.043346
ZINC000005463436,1.049044
ZINC000036037562,1.049312
ZINC000031950987,1.051661
ZINC000001644356,1.052299
ZINC000408977907,1.052424
ZINC000096602104,1.053428
ZINC000003850320,1.053802
ZINC000100141140,1.054798
ZINC000001276131,1.057447
ZINC000001183757,1.057508
ZINC000002659132,1.057696
ZINC000408723503,1.05818
ZINC000005776381,1.05908
ZINC000002899993,1.060353
ZINC000001390322,1.061372
ZINC000006795608,1.062786
ZINC000064291265,1.063686
ZINC000016503659,1.064793
ZINC000032611915,1.065041
ZINC000004697557,1.067407
ZINC000072286797,1.068323
ZINC000003216737,1.074036
ZINC000075270682,1.074665
ZINC000008399221,1.076451
ZINC000005836845,1.077723
ZINC000071769651,1.079498
ZINC000009365342,1.083443
ZINC000033385035,1.083831
ZINC000029650115,1.084834
ZINC000018052089,1.0849
ZINC000065489020,1.085006
ZINC000004110338,1.087619
ZINC000001587193,1.087956
ZINC000078497487,1.088838
ZINC000170637959,1.089516
ZINC000098054545,1.092503
ZINC000825307197,1.092648
ZINC000000386672,1.093071
ZINC000003323088,1.093409
ZINC000252485420,1.094729
ZINC000003850788,1.094809
ZINC000009612693,1.104459
ZINC000004012253,1.104913
ZINC000097399207,1.105499
ZINC000065731484,1.106302
ZINC000006659190,1.1078
ZINC000032537128,1.113546
ZINC000005732240,1.115758
ZINC000096118472,1.117365
ZINC000040384381,1.117714
ZINC000029166251,1.12226
ZINC000225463192,1.126355
ZINC000100841055,1.127018
ZINC000001734691,1.127087
ZINC000067447854,1.128414
ZINC000001673362,1.129742
ZINC000003139482,1.130876
ZINC000004480027,1.131864
ZINC000001799973,1.134276
ZINC000002024418,1.134377
ZINC000016850287,1.135718
ZINC000017129879,1.136726
ZINC000000054457,1.137699
ZINC000006701015,1.13923
ZINC000001646456,1.139851
ZINC000001036880,1.13999
ZINC000032590315,1.141231
ZINC000011657526,1.141286
ZINC000027817786,1.141731
ZINC000002270150,1.148529
ZINC000005600788,1.148808
ZINC000003330474,1.149074
ZINC000001385054,1.152171
ZINC000035528236,1.153598
ZINC000008986437,1.159983
ZINC000032808859,1.160541
ZINC000008997484,1.162024
ZINC000016234396,1.170214
ZINC000016856945,1.173193
ZINC000008686890,1.173387
ZINC000017193969,1.174739
ZINC000252606366,1.175764
ZINC000005613373,1.17732
ZINC000001096153,1.177638
ZINC000005794476,1.178666
ZINC000005776001,1.179174
ZINC000226860425,1.17942
ZINC000016807772,1.180235
ZINC000685939554,1.180272
ZINC000004623572,1.184924
ZINC000048429182,1.185034
ZINC000096792601,1.188036
ZINC000058323588,1.188499
ZINC000254350209,1.189784
ZINC000040081711,1.19084
ZINC000008684361,1.191474
ZINC000038343263,1.191478
ZINC000002469448,1.192361
ZINC000069517910,1.192481
ZINC000016856947,1.194692
ZINC000002160290,1.194819
ZINC000003897849,1.195765
ZINC000000478170,1.198728
ZINC000058180730,1.199066
ZINC000013862833,1.199819
ZINC000001864893,1.200266
ZINC000001512904,1.201695
ZINC000003235217,1.20194
ZINC000675679560,1.206442
ZINC000004700691,1.208442
ZINC000004659151,1.209497
ZINC000058289321,1.210486
ZINC000044025244,1.211028
ZINC000009715106,1.2118
ZINC000020058185,1.212307
ZINC000058271437,1.212677
ZINC000011361361,1.213122
ZINC000008659801,1.21326
ZINC000154108766,1.215354
ZINC000006920978,1.216962
ZINC000000174189,1.2182
ZINC000254294002,1.21861
ZINC000002394694,1.220662
ZINC000013211965,1.22305
ZINC000006667393,1.223729
ZINC000170652129,1.22398
ZINC000104277028,1.225073
ZINC000005234072,1.227602
ZINC000012822096,1.230029
ZINC000001581378,1.231879
ZINC000031917249,1.23253
ZINC000077301621,1.234647
ZINC000022459346,1.234954
ZINC000008110039,1.237513
ZINC000002397369,1.238561
ZINC000009807698,1.243196
ZINC000058268601,1.245154
ZINC000055074089,1.245207
ZINC000001044860,1.246478
ZINC000101925214,1.248212
ZINC000103879724,1.249328
ZINC000000406214,1.252235
ZINC000100511318,1.252773
ZINC000328579960,1.25459
ZINC000067756971,1.254787
ZINC000068216418,1.256295
ZINC000005983902,1.257743
ZINC000001574054,1.260797
ZINC000001580590,1.262289
ZINC000253405090,1.2631
ZINC000000161177,1.263335
ZINC000001667264,1.265045
ZINC000054234209,1.26526
ZINC000254395065,1.265339
ZINC000079060821,1.266102
ZINC000002500926,1.267208
ZINC000044013064,1.267227
ZINC000071771943,1.267806
ZINC000256049705,1.271189
ZINC000066089240,1.271986
ZINC000097980249,1.272261
ZINC000032817550,1.272922
ZINC000228965216,1.273433
ZINC000003134952,1.274695
ZINC000008873085,1.274783
ZINC000096581271,1.275991
ZINC000064291789,1.277553
ZINC000006483269,1.277942
ZINC000253431292,1.284201
ZINC000003168724,1.285956
ZINC000096035226,1.286064
ZINC000096792629,1.287218
ZINC000097995790,1.290039
ZINC000426538062,1.29155
ZINC000002628587,1.292541
ZINC000116277021,1.293143
ZINC000034511496,1.293604
ZINC000001027718,1.295727
ZINC000005086073,1.295877
ZINC000408732862,1.298609
ZINC000225008764,1.300824
ZINC000102915232,1.301989
ZINC000005640979,1.303318
ZINC000004194688,1.310762
ZINC000016248833,1.311378
ZINC000069774941,1.311484
ZINC000058202763,1.312295
ZINC000409247279,1.314163
ZINC000069486628,1.316155
ZINC000004719235,1.31707
ZINC000003845283,1.319014
ZINC000000987918,1.319325
ZINC000040546094,1.319832
ZINC000005959307,1.32037
ZINC000055149269,1.32144
ZINC000013358038,1.321806
ZINC000170621661,1.321862
ZINC000408732393,1.321988
ZINC000008665240,1.32301
ZINC000001674769,1.3253
ZINC000024885791,1.325403
ZINC000000885711,1.326591
ZINC000226859888,1.327956
ZINC000001026419,1.330488
ZINC000000186507,1.332862
ZINC000004751993,1.333751
ZINC000078879134,1.334262
ZINC000002309231,1.33761
ZINC000040107166,1.338392
ZINC000012552560,1.34144
ZINC000000069764,1.34298
ZINC000006277000,1.345406
ZINC000006313287,1.345662
ZINC000006452366,1.349311
ZINC000025692403,1.349875
ZINC000096025272,1.350018
ZINC000062006746,1.351296
ZINC000014015635,1.351414
ZINC000064291833,1.352963
ZINC000000267791,1.35586
ZINC000012322452,1.358755
ZINC000084241298,1.359752
ZINC000040468670,1.361253
ZINC000226859642,1.361573
ZINC000216513725,1.364532
ZINC000002262185,1.365895
ZINC000008935636,1.366471
ZINC000001657328,1.366826
ZINC000016545055,1.367083
ZINC000001688055,1.367653
ZINC000016923145,1.368698
ZINC000013233892,1.370431
ZINC000031988097,1.373909
ZINC000000039240,1.375089
ZINC000001708388,1.376346
ZINC000498046535,1.377392
ZINC000006661775,1.377486
ZINC000008441019,1.377803
ZINC000226860211,1.378477
ZINC000020517542,1.380362
ZINC000408977853,1.380436
ZINC000408976926,1.38096
ZINC000008665120,1.382191
ZINC000000481554,1.383227
ZINC000033128533,1.385217
ZINC000058358113,1.387593
ZINC000034514496,1.388811
ZINC000060095021,1.388845
ZINC000020282070,1.390218
ZINC000032534801,1.390406
ZINC000104972757,1.390477
ZINC000002549895,1.393915
ZINC000004615348,1.396306
ZINC000008636586,1.397065
ZINC000000448213,1.398392
ZINC000066091780,1.398699
ZINC000334163618,1.399038
ZINC000048369320,1.399387
ZINC000001319293,1.401022
ZINC000049803748,1.401198
ZINC000000309339,1.40156
ZINC000004898274,1.403484
ZINC000107878657,1.403875
ZINC000012565608,1.404358
ZINC000004338452,1.40551
ZINC000015673777,1.405542
ZINC000003219874,1.40778
ZINC000026897448,1.411679
ZINC000025692373,1.414341
ZINC000004659169,1.414889
ZINC000003078576,1.415081
ZINC000014166570,1.415372
ZINC000017149577,1.415507
ZINC000100878769,1.418577
ZINC000004086291,1.418647
ZINC000012983413,1.418818
ZINC000163345809,1.420791
ZINC000074144080,1.424624
ZINC000000198428,1.424767
ZINC000051354114,1.427352
ZINC000008694290,1.427906
ZINC000001505638,1.429487
ZINC000000185266,1.432868
ZINC000006203164,1.433498
ZINC000011696323,1.437161
ZINC000256009597,1.437606
ZINC000001595277,1.438941
ZINC000003163924,1.439201
ZINC000000715619,1.440119
ZINC000408514964,1.440847
ZINC000150479865,1.443131
ZINC000408733506,1.443269
ZINC000033308956,1.445422
ZINC000002802478,1.447247
ZINC000058324882,1.450033
ZINC000101018293,1.450642
ZINC000022204186,1.451098
ZINC000075259950,1.451353
ZINC000001704033,1.455785
ZINC000005337816,1.456407
ZINC000001273784,1.456542
ZINC000005752721,1.456749
ZINC000009685638,1.456975
ZINC000020991880,1.457663
ZINC000408731944,1.458004
ZINC000103693761,1.459273
ZINC000028166566,1.459353
ZINC000032770595,1.46456
ZINC000067695609,1.466068
ZINC000021810226,1.467382
ZINC000004310057,1.46752
ZINC000005267904,1.468157
ZINC000000303457,1.469055
ZINC000058250586,1.469343
ZINC000002850401,1.47033
ZINC000096316542,1.470883
ZINC000004748503,1.471275
ZINC000004050691,1.47165
ZINC000002994190,1.472873
ZINC000001588101,1.473259
ZINC000001226922,1.474104
ZINC000041105070,1.474594
ZINC000606346769,1.474986
ZINC000031623232,1.475617
ZINC000005721287,1.47605
ZINC000002150703,1.481458
ZINC000005905355,1.481662
ZINC000026960650,1.482942
ZINC000009667596,1.483122
ZINC000003173924,1.483532
ZINC000079336504,1.483885
ZINC000725236935,1.483987
ZINC000002846375,1.484487
ZINC000001122703,1.485442
ZINC000043210293,1.485909
ZINC000095619078,1.486869
ZINC000000115990,1.48824
ZINC000071757085,1.491855
ZINC000008017666,1.492373
ZINC000004891928,1.49263
ZINC000106606230,1.496174
ZINC000003428476,1.496299
ZINC000001713880,1.49719
ZINC001772591695,1.499496
ZINC000055211110,1.499866
ZINC000006575420,1.501139
ZINC000104311783,1.504604
ZINC000001556339,1.505467
ZINC000408732253,1.507614
ZINC000010034950,1.508639
ZINC000013466101,1.510242
ZINC000004739762,1.510259
ZINC000008755788,1.510466
ZINC000000310241,1.513344
ZINC000408977238,1.513513
ZINC000068572203,1.514636
ZINC000055225616,1.521187
ZINC000104194633,1.521526
ZINC000001403859,1.522439
ZINC000001685949,1.52341
ZINC000019879618,1.523992
ZINC000007622688,1.525359
ZINC000005615372,1.526779
ZINC000002836725,1.527934
ZINC000000143075,1.529576
ZINC000004663163,1.529616
ZINC000006487468,1.531089
ZINC000043210477,1.531815
ZINC000009553541,1.533641
ZINC000009602643,1.535175
ZINC000104073354,1.535409
ZINC000096900382,1.53765
ZINC000043210476,1.539482
ZINC000334157344,1.54185
ZINC000005274920,1.542225
ZINC000015232299,1.542681
ZINC000408974949,1.544864
ZINC000001638863,1.547398
ZINC000005032628,1.54908
ZINC000005725064,1.549354
ZINC000078737087,1.549432
ZINC000013284215,1.549927
ZINC000225753973,1.551176
ZINC000001637491,1.553575
ZINC000008665319,1.553662
ZINC000002989884,1.554385
ZINC000017100536,1.554395
ZINC000040555691,1.554524
ZINC000005537567,1.555354
ZINC000004896472,1.556466
ZINC000012960724,1.556857
ZINC000002077937,1.557472
ZINC000020867338,1.561009
ZINC000226860246,1.562799
ZINC000003183940,1.563657
ZINC000095469522,1.565023
ZINC000005748617,1.565993
ZINC000004825581,1.568469
ZINC000003654017,1.56958
ZINC000001777639,1.570304
ZINC000009087107,1.570465
ZINC000003644327,1.571157
ZINC000003032656,1.571455
ZINC000005726491,1.572517
ZINC000032935218,1.57289
ZINC000000688131,1.573025
ZINC000096307272,1.573418
ZINC000069702006,1.575185
ZINC000003086334,1.576367
ZINC000005725065,1.576969
ZINC000003129129,1.577763
ZINC000069743363,1.579493
ZINC000008396943,1.580488
ZINC000013582121,1.581114
ZINC000005549482,1.581477
ZINC000002334845,1.584477
ZINC000100321129,1.58515
ZINC000003877773,1.585244
ZINC000013207855,1.586256
ZINC000005274926,1.587637
ZINC000097035004,1.589465
ZINC000103016385,1.589886
ZINC000032593829,1.590076
ZINC000096564736,1.590603
ZINC000068603570,1.591973
ZINC000001595061,1.594901
ZINC000002624828,1.595006
ZINC000005307727,1.59538
ZINC000254489710,1.595433
ZINC000408550167,1.596101
ZINC000009338453,1.596727
ZINC000059352726,1.603714
ZINC000254614773,1.604086
ZINC000006074173,1.604945
ZINC000034242081,1.605494
ZINC000069348471,1.607897
ZINC000022022860,1.609134
ZINC000046009585,1.609802
ZINC000008580277,1.610799
ZINC000001027541,1.611952
ZINC001529502499,1.612014
ZINC000006425455,1.613237
ZINC000254403651,1.613504
ZINC000040385418,1.613738
ZINC000001582598,1.617794
ZINC000006800438,1.619173
ZINC000030955051,1.619437
ZINC000036631488,1.62056
ZINC000003371687,1.620777
ZINC000001039118,1.621787
ZINC000085389780,1.62442
ZINC000585271028,1.624687
ZINC001506401484,1.62794
ZINC000003349469,1.630747
ZINC000005725059,1.634507
ZINC000003361647,1.63525
ZINC000001579117,1.636565
ZINC000585136258,1.637843
ZINC000102925763,1.638974
ZINC000006654247,1.639246
ZINC000033344425,1.640846
ZINC000002659336,1.640863
ZINC000045000489,1.643425
ZINC000012764528,1.644371
ZINC000005772883,1.645363
ZINC000102979515,1.646488
ZINC000006509792,1.647338
ZINC000035615850,1.648104
ZINC000001103845,1.648641
ZINC000018156448,1.650298
ZINC000225492033,1.650465
ZINC000097147272,1.653224
ZINC000014244043,1.655743
ZINC000002312120,1.656787
ZINC000038478025,1.657279
ZINC000000852704,1.657716
ZINC000002285370,1.658239
ZINC000102977336,1.658278
ZINC000097212435,1.658386
ZINC000012615170,1.658803
ZINC000012960601,1.659791
ZINC000048707209,1.663553
ZINC000095117510,1.665145
ZINC000072435729,1.666837
ZINC000011865631,1.668528
ZINC000012758556,1.670139
ZINC000028526927,1.670274
ZINC000036833254,1.670337
ZINC000069740324,1.674773
ZINC000952980162,1.67584
ZINC000000390786,1.677974
ZINC000003199490,1.678099
ZINC000016953085,1.678213
ZINC000005361301,1.680973
ZINC000008611266,1.683749
ZINC000005737667,1.683909
ZINC000084600200,1.684942
ZINC000002512163,1.687743
ZINC000000077428,1.689237
ZINC000001724500,1.689501
ZINC000002508413,1.691423
ZINC000095947802,1.693467
ZINC000024739498,1.69673
ZINC000095458524,1.696792
ZINC000006589933,1.696938
ZINC000058171492,1.697077
ZINC000010891035,1.697348
ZINC000003670785,1.698371
ZINC000004086359,1.698571
ZINC000002741028,1.699317
ZINC000075105751,1.700101
ZINC000008665222,1.70103
ZINC000005681734,1.703079
ZINC000018285813,1.70375
ZINC000606444484,1.704148
ZINC000058162583,1.704635
ZINC000016133932,1.706275
ZINC000016956892,1.707532
ZINC000015776449,1.709258
ZINC000102753015,1.709785
ZINC000000099120,1.711111
ZINC000023453157,1.71129
ZINC000685938896,1.711797
ZINC000003194984,1.71258
ZINC000000049435,1.712856
ZINC000077536565,1.714335
ZINC000408722452,1.71821
ZINC000299785116,1.71951
ZINC000002595355,1.719945
ZINC000001065393,1.721206
ZINC000035325561,1.721694
ZINC000022205202,1.722233
ZINC000035737977,1.722564
ZINC000006281439,1.722652
ZINC000000402573,1.722829
ZINC000016990777,1.723813
ZINC000013466185,1.725382
ZINC000096025252,1.725889
ZINC000016525171,1.727026
ZINC000032833650,1.728217
ZINC000104311341,1.729458
ZINC000003845278,1.730153
ZINC000000049852,1.730628
ZINC000106625058,1.730721
ZINC000000178607,1.731525
ZINC000025514097,1.731649
ZINC000083815631,1.732205
ZINC000075249853,1.733162
ZINC000408722237,1.734194
ZINC000006227507,1.734333
ZINC000101109290,1.73446
ZINC000328599653,1.736016
ZINC000005604719,1.736202
ZINC000002659935,1.736579
ZINC000006929887,1.737016
ZINC000285570707,1.737103
ZINC000014903481,1.738597
ZINC000044123668,1.739609
ZINC000022655678,1.739668
ZINC000003845270,1.739962
ZINC000952987412,1.741357
ZINC000004844965,1.742104
ZINC000008916561,1.743016
ZINC000021806079,1.743646
ZINC000002192471,1.74381
ZINC000002150583,1.746004
ZINC000000291444,1.749425
ZINC000004006176,1.750027
ZINC001529113054,1.750941
ZINC000001390632,1.751627
ZINC000095988436,1.754459
ZINC000005700411,1.754595
ZINC000102084424,1.754811
ZINC000004108783,1.757897
ZINC000252504569,1.758414
ZINC000004551921,1.758677
ZINC000012390755,1.761179
ZINC000100476475,1.762401
ZINC000014343215,1.763357
ZINC000952978118,1.768789
ZINC000239654242,1.769666
ZINC000018205195,1.771151
ZINC000002659301,1.773528
ZINC000000069197,1.774038
ZINC000253427035,1.774437
ZINC000089856784,1.774799
ZINC000065740353,1.778756
ZINC000005318205,1.778847
ZINC000095465712,1.779264
ZINC000000692364,1.779915
ZINC000024755680,1.779947
ZINC000072209505,1.780368
ZINC000100634114,1.780626
ZINC000001432906,1.781605
ZINC000065374175,1.783084
ZINC000010493853,1.783501
ZINC000035324301,1.783523
ZINC000003166342,1.783846
ZINC000003101439,1.784296
ZINC000334163717,1.785039
ZINC000005601683,1.790378
ZINC000952861189,1.792043
ZINC000000885699,1.792585
ZINC000004553637,1.792957
ZINC000002889400,1.79317
ZINC000021820915,1.793689
ZINC000012508101,1.794514
ZINC000006074234,1.796001
ZINC000000400149,1.796888
ZINC000072310514,1.796901
ZINC000057218787,1.798044
ZINC000015835352,1.799169
ZINC000035327037,1.800087
ZINC000096297669,1.801233
ZINC000102923211,1.802859
ZINC000021293815,1.806574
ZINC000044123306,1.807754
ZINC000075260232,1.808054
ZINC000004743391,1.808689
ZINC000108883087,1.809803
ZINC000005959702,1.81054
ZINC000003173969,1.810783
ZINC000075284509,1.812557
ZINC000025049926,1.814206
ZINC000004827901,1.815061
ZINC000003174112,1.816177
ZINC000008411835,1.816217
ZINC000013015005,1.816917
ZINC000023240306,1.817475
ZINC000095990365,1.817807
ZINC000012788729,1.819073
ZINC000089305715,1.819532
ZINC000021596255,1.822318
ZINC000225575953,1.82331
ZINC000005751451,1.824158
ZINC000008818059,1.825098
ZINC000585280882,1.825686
ZINC000009111644,1.825712
ZINC000009225158,1.825974
ZINC000017077588,1.82677
ZINC000004661756,1.82746
ZINC000012505412,1.830179
ZINC000002226736,1.83137
ZINC000242242290,1.833259
ZINC000001137921,1.83327
ZINC000000127705,1.834283
ZINC000000126742,1.835389
ZINC000524735094,1.835698
ZINC000000755264,1.836379
ZINC000003146088,1.838267
ZINC000000297141,1.840516
ZINC000298665939,1.841078
ZINC000048290729,1.84164
ZINC000006198818,1.841775
ZINC000079549046,1.841809
ZINC000047296402,1.841911
ZINC000004709804,1.842955
ZINC000025048456,1.843173
ZINC000000613757,1.845235
ZINC000005380238,1.845669
ZINC000003270814,1.847731
ZINC000044138572,1.847795
ZINC000039476557,1.848793
ZINC000089305704,1.851365
ZINC000006702003,1.851635
ZINC000013551546,1.851766
ZINC000027745057,1.852456
ZINC000008944498,1.853466
ZINC000070974654,1.853976
ZINC000057478110,1.854852
ZINC000009526437,1.855875
ZINC000002072670,1.856859
ZINC000048362991,1.856863
ZINC000003180318,1.857287
ZINC000069557879,1.858153
ZINC000012274129,1.858263
ZINC000000210864,1.858401
ZINC000000758788,1.859359
ZINC000016526036,1.859382
ZINC000012371837,1.863156
ZINC000001710773,1.863474
ZINC000013513466,1.863474
ZINC000017160272,1.86421
ZINC001506399829,1.864444
ZINC000064845128,1.864786
ZINC000000082093,1.865312
ZINC000006660831,1.866611
ZINC000101028043,1.86792
ZINC000096766396,1.868556
ZINC000023453152,1.869769
ZINC000095971194,1.870865
ZINC000048381444,1.871038
ZINC000100564429,1.87347
ZINC000000157018,1.87537
ZINC000000693000,1.875629
ZINC000004827987,1.879247
ZINC000129095566,1.881655
ZINC000057743238,1.88221
ZINC000026893808,1.88229
ZINC000004054630,1.883484
ZINC000031334684,1.884259
ZINC000685944606,1.884917
ZINC000039757565,1.88496
ZINC000000193303,1.886372
ZINC000037370154,1.88774
ZINC000004593143,1.888351
ZINC000001103277,1.890452
ZINC000095427175,1.892266
ZINC000585117857,1.892566
ZINC000004007341,1.893047
ZINC000044769686,1.895768
ZINC000001019454,1.898481
ZINC000267350766,1.899189
ZINC000015436146,1.900567
ZINC000000988096,1.9015
ZINC000031906029,1.904069
ZINC000040071197,1.904718
ZINC000004531824,1.904823
ZINC000081067656,1.905095
ZINC000000468547,1.905251
ZINC000006800431,1.905258
ZINC000015860636,1.905491
ZINC000002580774,1.906191
ZINC000083869498,1.906387
ZINC000095442232,1.908212
ZINC000017200482,1.909328
ZINC000001031913,1.909874
ZINC000006926886,1.910609
ZINC000254478156,1.910877
ZINC000005879557,1.911395
ZINC000001136062,1.912724
ZINC000000852703,1.913489
ZINC000000081954,1.914133
ZINC000005610812,1.914326
ZINC000001574798,1.914425
ZINC000095864912,1.91483
ZINC000009371725,1.915574
ZINC000000692700,1.916409
ZINC000018210134,1.917391
ZINC000408733086,1.918278
ZINC000016490120,1.919222
ZINC000098044805,1.920318
ZINC000012441308,1.921047
ZINC000017200481,1.922446
ZINC000046141268,1.922797
ZINC000000062970,1.923168
ZINC000028628413,1.924096
ZINC000017200479,1.924944
ZINC000104305034,1.925618
ZINC000100498768,1.928602
ZINC000015862623,1.929246
ZINC000076083363,1.932849
ZINC000034669759,1.933006
ZINC000019899353,1.933314
ZINC000000527824,1.933375
ZINC000012148361,1.933961
ZINC000005676419,1.935805
ZINC000005265813,1.937493
ZINC000040290794,1.938158
ZINC000020357720,1.939467
ZINC000095953709,1.939925
ZINC000012653031,1.940192
ZINC000040052437,1.940949
ZINC000102918553,1.942265
ZINC000058157377,1.942945
ZINC001506409064,1.943104
ZINC000100758310,1.943187
ZINC000096013519,1.94499
ZINC000004793464,1.945156
ZINC000001386317,1.94727
ZINC000040154817,1.947352
ZINC000006137829,1.948261
ZINC000000619577,1.949749
ZINC000083843744,1.951432
ZINC000097010678,1.951453
ZINC000032094634,1.951938
ZINC000040152937,1.954342
ZINC000006508954,1.954778
ZINC000089599223,1.95627
ZINC000001693792,1.957375
ZINC000585274516,1.957448
ZINC000032999150,1.95747
ZINC000006045742,1.959966
ZINC000045941161,1.961018
ZINC000002857742,1.961485
ZINC000028222989,1.96229
ZINC000000240417,1.963804
ZINC000032925829,1.963822
ZINC000019418480,1.964009
ZINC000101400298,1.964501
ZINC000409198064,1.964705
ZINC000006784596,1.964816
ZINC000426667593,1.965668
ZINC000067743011,1.965945
ZINC000062711112,1.966171
ZINC000005983947,1.967092
ZINC000035338917,1.968097
ZINC000015232219,1.968316
ZINC000005488053,1.969123
ZINC000008576293,1.970134
ZINC000021815173,1.97043
ZINC000225688119,1.970558
ZINC000002561847,1.970803
ZINC000012116927,1.97431
ZINC000000393058,1.976252
ZINC000019788080,1.97636
ZINC000001114347,1.979223
ZINC000084331718,1.979908
ZINC000101623308,1.979962
ZINC000005377963,1.980035
ZINC000033693235,1.983939
ZINC000017316341,1.984299
ZINC000019880621,1.985047
ZINC000009404661,1.986431
ZINC000006451480,1.988778
ZINC000015860655,1.988973
ZINC000002107583,1.989675
ZINC000170601692,1.990061
ZINC000606443795,1.990351
ZINC000004748756,1.990376
ZINC000000533937,1.992091
ZINC000002638408,1.993189
ZINC000003168027,1.993231
ZINC000000677974,1.993908
ZINC000004235224,1.994276
ZINC000000099007,1.996866
ZINC000016940803,1.998396
ZINC000016663525,1.999328
ZINC000003849341,1.999337
ZINC000025769325,1.999483
ZINC000009715104,1.999532
ZINC000006875160,1.999825
ZINC000000951148,2.000631
ZINC000011166924,2.000936
ZINC000033130221,2.001789
ZINC000000088108,2.002055
ZINC000012975080,2.003014
ZINC000006780854,2.003213
ZINC000000482317,2.005965
ZINC000002543428,2.006258
ZINC000408722689,2.006269
ZINC000001384611,2.006409
ZINC000000095312,2.007968
ZINC000072120008,2.011093
ZINC000002947545,2.012499
ZINC000003190299,2.013121
ZINC000252628363,2.013215
ZINC000001383533,2.014992
ZINC000005484014,2.017908
ZINC000006864992,2.019269
ZINC000003991783,2.019773
ZINC000012289024,2.020081
ZINC000000284148,2.021096
ZINC000017075713,2.021776
ZINC000015835356,2.0227
ZINC000205414271,2.023216
ZINC000000315937,2.023507
ZINC000066452208,2.023555
ZINC000000361350,2.025915
ZINC000064290799,2.026512
ZINC000005615578,2.026985
ZINC000000659564,2.02792
ZINC000015835369,2.030028
ZINC000150400604,2.030031
ZINC000017108142,2.030052
ZINC000150390153,2.030845
ZINC000003055271,2.032299
ZINC000390835304,2.033053
ZINC000952990676,2.033925
ZINC000014775976,2.03517
ZINC000016954341,2.036876
ZINC000004907844,2.037985
ZINC000408721755,2.03899
ZINC000001436631,2.039663
ZINC000057785731,2.040011
ZINC000008453610,2.040202
ZINC000025006859,2.041615
ZINC000104304704,2.041692
ZINC000044974136,2.042503
ZINC000045068511,2.043073
ZINC000001510546,2.043197
ZINC000008648315,2.043323
ZINC000215765881,2.043634
ZINC000004805763,2.043656
ZINC000002375698,2.044673
ZINC000008432142,2.044911
ZINC000032913160,2.045052
ZINC000003170865,2.047551
ZINC000012524252,2.047698
ZINC000032666244,2.04857
ZINC000009526082,2.048615
ZINC000000942394,2.049565
ZINC000000236231,2.050281
ZINC000032901419,2.05313
ZINC000005457418,2.055258
ZINC000000272634,2.056102
ZINC000033140036,2.056578
ZINC000052927032,2.057604
ZINC000004249107,2.058137
ZINC000004754869,2.060408
ZINC000005811869,2.060645
ZINC000003168565,2.062118
ZINC000005941387,2.062708
ZINC000020673631,2.063005
ZINC000071814839,2.064546
ZINC000051189812,2.064982
ZINC000065321031,2.066336
ZINC000002160838,2.06714
ZINC000952990598,2.068699
ZINC000102928057,2.070883
ZINC000000610675,2.071095
ZINC000004518051,2.071235
ZINC000004059122,2.072337
ZINC000008701958,2.073515
ZINC000952963643,2.074414
ZINC000227173802,2.075472
ZINC000064844692,2.076112
ZINC000078546311,2.076278
ZINC000078547152,2.079254
ZINC000001646455,2.079316
ZINC000002464291,2.079683
ZINC000001490199,2.079744
ZINC000065177954,2.07994
ZINC000000121981,2.081254
ZINC000001384616,2.081726
ZINC000004784620,2.081744
ZINC000071888470,2.082603
ZINC000390835397,2.08372
ZINC000003411171,2.083798
ZINC000000406774,2.084293
ZINC000001584497,2.084534
ZINC000952966245,2.085
ZINC000000994231,2.085642
ZINC000016682310,2.086049
ZINC000065337679,2.086802
ZINC000004797671,2.089635
ZINC000021110779,2.090642
ZINC000101094494,2.090985
ZINC000000535249,2.0928
ZINC000001756559,2.093271
ZINC000019506357,2.095442
ZINC000006863207,2.096363
ZINC000006425118,2.099167
ZINC000011535753,2.100467
ZINC000006205002,2.101304
ZINC000000609280,2.102819
ZINC000001404949,2.103312
ZINC000005726276,2.103878
ZINC000012528161,2.104304
ZINC000254624326,2.105206
ZINC000096400187,2.106046
ZINC000025692386,2.106603
ZINC000004693424,2.108951
ZINC000952965112,2.109277
ZINC000002077935,2.109494
ZINC000008299493,2.110043
ZINC000585138089,2.112532
ZINC000000984191,2.114386
ZINC000039136841,2.11462
ZINC000076068340,2.115087
ZINC000001052236,2.115122
ZINC000226818154,2.115961
ZINC000008427377,2.116157
ZINC000027755322,2.116624
ZINC000118199060,2.116759
ZINC000005663562,2.116876
ZINC000003086154,2.119446
ZINC000008131770,2.119747
ZINC000001234080,2.120208
ZINC000029108089,2.120579
ZINC000048310777,2.121653
ZINC000019714979,2.121922
ZINC000005314742,2.122571
ZINC000058574915,2.122789
ZINC000031161061,2.123167
ZINC000027934142,2.124923
ZINC000003554128,2.125298
ZINC000000370322,2.127035
ZINC000017744176,2.127402
ZINC000000047305,2.1275
ZINC000253432856,2.127907
ZINC000000469862,2.128425
ZINC000089941813,2.129296
ZINC000069485704,2.129831
ZINC000006270845,2.131679
ZINC000097399298,2.132063
ZINC000000189786,2.132397
ZINC000003073669,2.132604
ZINC000000167538,2.132858
ZINC000004148948,2.133068
ZINC000064787560,2.135674
ZINC000012674766,2.13598
ZINC000058201137,2.136118
ZINC000024103266,2.137268
ZINC000004522215,2.138787
ZINC000040050025,2.141059
ZINC000000041686,2.141595
ZINC000016968770,2.141609
ZINC000001692380,2.143677
ZINC000100292000,2.144838
ZINC000003065160,2.14505
ZINC000003894984,2.145597
ZINC000530157382,2.146129
ZINC000005537558,2.147346
ZINC000005769801,2.148126
ZINC000952976275,2.148577
ZINC000006191003,2.148663
ZINC000007587103,2.149228
ZINC000001920204,2.149782
ZINC000026539558,2.150718
ZINC000228948169,2.151329
ZINC000002659589,2.153676
ZINC000075170883,2.155241
ZINC000390835717,2.155329
ZINC000006589192,2.155472
ZINC000006583593,2.155922
ZINC000013602148,2.156785
ZINC000009926858,2.157665
ZINC000000418377,2.158526
ZINC000022137083,2.15959
ZINC000090614221,2.161571
ZINC000029166185,2.163307
ZINC000010382247,2.164798
ZINC000071882662,2.16487
ZINC000006661983,2.167533
ZINC000001430079,2.168363
ZINC000032647021,2.170943
ZINC000083817338,2.17123
ZINC000004034893,2.17176
ZINC000000400321,2.172514
ZINC000952965131,2.172819
ZINC000003097053,2.176152
ZINC000028751012,2.176742
ZINC000000267435,2.176913
ZINC000118198914,2.17697
ZINC000032125208,2.177651
ZINC000032902189,2.178766
ZINC000001623847,2.179617
ZINC000005338308,2.180618
ZINC000097996070,2.182643
ZINC000072408126,2.184312
ZINC000048354465,2.187132
ZINC000255691068,2.187722
ZINC000011691469,2.188061
ZINC000020034354,2.1884
ZINC000001612773,2.189783
ZINC000021210130,2.189853
ZINC000096164333,2.190206
ZINC000040555799,2.190231
ZINC000003631268,2.191333
ZINC000034049514,2.191578
ZINC000000066381,2.191663
ZINC000575443231,2.191972
ZINC000001763904,2.192937
ZINC000390835195,2.193835
ZINC000014727216,2.194036
ZINC000254482267,2.194215
ZINC000008512123,2.194628
ZINC000000677783,2.195798
ZINC000007047526,2.196098
ZINC000000081922,2.196205
ZINC000002597831,2.196294
ZINC000952970911,2.196907
ZINC000223312025,2.202478
ZINC000012523899,2.203471
ZINC000252622409,2.205314
ZINC000069349112,2.205518
ZINC000000711821,2.206068
ZINC000001401981,2.208066
ZINC000038677569,2.209403
ZINC000002026051,2.211126
ZINC000100116876,2.21168
ZINC000033355527,2.212532
ZINC000006575377,2.213485
ZINC000005799947,2.213696
ZINC000000193167,2.214997
ZINC000012485198,2.217074
ZINC000001770093,2.21751
ZINC000001699284,2.218045
ZINC000004028807,2.219549
ZINC000015083008,2.21995
ZINC000000852696,2.221163
ZINC000070856861,2.221245
ZINC000014404747,2.223173
ZINC000068151479,2.224383
ZINC000046366716,2.22491
ZINC000040386888,2.224975
ZINC000066088284,2.227029
ZINC000065116493,2.227085
ZINC000096467383,2.227234
ZINC000001393709,2.227292
ZINC000060297810,2.227865
ZINC000006939439,2.228116
ZINC000009678734,2.229393
ZINC000065547599,2.230184
ZINC000034472177,2.231883
ZINC000001644360,2.232795
ZINC000067773034,2.233007
ZINC000000478315,2.233529
ZINC000012433001,2.234589
ZINC000023173221,2.23547
ZINC000046058077,2.237423
ZINC000001572316,2.238073
ZINC000033336066,2.238264
ZINC000034526983,2.238776
ZINC000017221845,2.240757
ZINC000005205313,2.240778
ZINC000058310109,2.242197
ZINC000003348867,2.242285
ZINC000016608354,2.242536
ZINC000000133139,2.24342
ZINC000000092211,2.244109
ZINC000058542129,2.245404
ZINC000046009367,2.245426
ZINC000006262354,2.246932
ZINC000005792527,2.247893
ZINC000005534724,2.249279
ZINC000009206718,2.249373
ZINC000000615326,2.252391
ZINC000002077705,2.254184
ZINC000023544161,2.2545
ZINC000015232255,2.254645
ZINC000006553004,2.255172
ZINC000096098009,2.255601
ZINC000001638206,2.255765
ZINC000100909358,2.255967
ZINC000000096648,2.256145
ZINC000000350007,2.256595
ZINC000104303395,2.25685
ZINC000001652335,2.257135
ZINC000036833114,2.257209
ZINC000008870469,2.257689
ZINC000005231370,2.258233
ZINC000008715160,2.25869
ZINC000000636228,2.259095
ZINC000031812626,2.25937
ZINC000033085823,2.261836
ZINC000012401254,2.261877
ZINC000005817140,2.264166
ZINC000032565488,2.264411
ZINC000003878248,2.265264
ZINC000568648525,2.26561
ZINC000013593211,2.267103
ZINC000006626432,2.267996
ZINC000011660995,2.26804
ZINC000006315297,2.268496
ZINC000072280928,2.268523
ZINC000408553298,2.268644
ZINC000005829990,2.26939
ZINC000000640483,2.269499
ZINC000101444512,2.271759
ZINC000001700572,2.272302
ZINC000254591315,2.27234
ZINC000005260084,2.274107
ZINC000064328539,2.275205
ZINC000052525847,2.275408
ZINC000005678245,2.278761
ZINC000032754774,2.27877
ZINC000012559638,2.279331
ZINC000004194477,2.280562
ZINC000008665182,2.286016
ZINC000018252286,2.286236
ZINC000001640472,2.286365
ZINC000012848436,2.288112
ZINC000032610443,2.289913
ZINC000018130426,2.290541
ZINC000069895318,2.291509
ZINC000014899732,2.291891
ZINC000002756079,2.292976
ZINC000000984075,2.293056
ZINC000000631320,2.294185
ZINC000071336615,2.294934
ZINC000002366236,2.294945
ZINC000033299366,2.295387
ZINC000000174513,2.296819
ZINC000005315084,2.296988
ZINC000032935158,2.298178
ZINC000033258052,2.300001
ZINC000016925262,2.300489
ZINC000005884229,2.301576
ZINC000009434123,2.301788
ZINC000065297407,2.302085
ZINC000003329583,2.302327
ZINC000001557737,2.302994
ZINC000064312574,2.30421
ZINC000013281548,2.304764
ZINC000004134632,2.305864
ZINC000034669638,2.307225
ZINC000007000210,2.307782
ZINC000003359121,2.308279
ZINC000001741663,2.308448
ZINC000098002765,2.312054
ZINC000254382364,2.312931
ZINC000012858926,2.312966
ZINC000097085062,2.313076
ZINC000005372104,2.313661
ZINC000039489696,2.313898
ZINC000020652828,2.315692
ZINC000000406802,2.317411
ZINC000024985874,2.318137
ZINC000003157440,2.319111
ZINC000053756928,2.322614
ZINC000009087093,2.323434
ZINC000012143806,2.323809
ZINC000031959704,2.324755
ZINC000065084213,2.325991
ZINC000002997957,2.329798
ZINC000012533916,2.330037
ZINC000328596131,2.330907
ZINC000040512300,2.332095
ZINC000003340773,2.332811
ZINC000952987730,2.333625
ZINC000015963730,2.333665
ZINC000004281925,2.334599
ZINC000000284396,2.334997
ZINC000000319679,2.335243
ZINC000096097990,2.33633
ZINC000008870497,2.336981
ZINC000033277044,2.337803
ZINC000075258570,2.338081
ZINC000008399270,2.338623
ZINC000008445568,2.338779
ZINC000043939713,2.339319
ZINC000002379607,2.339382
ZINC000012795045,2.341483
ZINC000002678148,2.34235
ZINC000000189179,2.342563
ZINC000222590259,2.34327
ZINC000017077589,2.345432
ZINC000056900980,2.346298
ZINC000005789540,2.348631
ZINC000001803013,2.35124
ZINC000017147667,2.352222
ZINC000000936720,2.353717
ZINC000005031841,2.354247
ZINC000408514822,2.355301
ZINC000032902326,2.355446
ZINC000005919200,2.355703
ZINC000013347403,2.356028
ZINC000012525799,2.361873
ZINC000100110203,2.363262
ZINC000095516376,2.363764
ZINC000016489475,2.365055
ZINC000007343462,2.369201
ZINC000013797050,2.369284
ZINC000048272919,2.369785
ZINC000012521234,2.370232
ZINC000077024391,2.371412
ZINC000016940067,2.371894
ZINC000013555601,2.372981
ZINC000032624444,2.373352
ZINC000006927878,2.373705
ZINC000035683053,2.375198
ZINC000009255843,2.375936
ZINC000032285627,2.377046
ZINC001569985952,2.377676
ZINC000006694482,2.378006
ZINC000072482091,2.379203
ZINC000000418233,2.379353
ZINC000034926652,2.37973
ZINC000254863117,2.379752
ZINC000001027069,2.379763
ZINC000000051009,2.380961
ZINC000052508016,2.382679
ZINC000001390329,2.383602
ZINC000005451376,2.383829
ZINC000019481733,2.384454
ZINC000225415091,2.384612
ZINC000001029583,2.385923
ZINC000000157585,2.386626
ZINC000044871023,2.38685
ZINC000015780198,2.387069
ZINC000037133027,2.389782
ZINC000005268114,2.392412
ZINC000016084855,2.393823
ZINC000000050663,2.394317
ZINC000100048114,2.395012
ZINC000033924135,2.396524
ZINC000000135464,2.397037
ZINC000100222973,2.398506
ZINC000390834659,2.398932
ZINC000077024409,2.399115
ZINC000001714321,2.399523
ZINC000000801004,2.399984
ZINC000065215305,2.400841
ZINC000225918022,2.400975
ZINC000032916133,2.401229
ZINC000002116636,2.401632
ZINC000004190281,2.401864
ZINC000007587173,2.404576
ZINC000001396555,2.404879
ZINC000225501976,2.408721
ZINC000005566293,2.409891
ZINC000952962186,2.411634
ZINC000001859321,2.411711
ZINC000095448217,2.412204
ZINC000012919492,2.41241
ZINC000101455214,2.412497
ZINC000035188678,2.412795
ZINC000000193160,2.413099
ZINC000005725060,2.413493
ZINC000010502068,2.414415
ZINC000001764952,2.414528
ZINC000089986902,2.415219
ZINC000032915376,2.415297
ZINC000007783559,2.416172
ZINC000000127669,2.418928
ZINC000036378515,2.420918
ZINC000000174010,2.420921
ZINC000038678699,2.423115
ZINC000225625714,2.424442
ZINC000048345132,2.424476
ZINC000000716775,2.425201
ZINC000028404077,2.425622
ZINC000002643396,2.426094
ZINC000002658095,2.426394
ZINC000055371083,2.426644
ZINC000006446748,2.427334
ZINC000036559044,2.427831
ZINC000010512218,2.428145
ZINC000009348377,2.428648
ZINC000027750446,2.430727
ZINC000056656575,2.431244
ZINC000067755018,2.432253
ZINC000003404016,2.434181
ZINC000065514627,2.434541
ZINC001505840612,2.435259
ZINC000000816413,2.435632
ZINC000101513904,2.437752
ZINC000003911248,2.439732
ZINC000001209034,2.440408
ZINC000001618079,2.443165
ZINC000101405218,2.443922
ZINC000000127641,2.444255
ZINC000095962064,2.444256
ZINC000028047680,2.44449
ZINC000048302546,2.44641
ZINC000004671290,2.447369
ZINC000005831001,2.447717
ZINC000004553638,2.448766
ZINC000003276886,2.449478
ZINC000100822891,2.449492
ZINC000002654037,2.454348
ZINC000001066859,2.455798
ZINC000069771350,2.457081
ZINC000328596659,2.458349
ZINC000005451523,2.459554
ZINC000036333816,2.460678
ZINC000008725697,2.460821
ZINC000005560060,2.460936
ZINC000064844559,2.46095
ZINC000002879123,2.46111
ZINC000036837285,2.461151
ZINC000952978593,2.4612
ZINC000021821015,2.464231
ZINC000100223095,2.467582
ZINC000001237984,2.469005
ZINC000000344372,2.470102
ZINC000575443643,2.471124
ZINC000084114828,2.471303
ZINC000016739877,2.471583
ZINC000000531379,2.473379
ZINC000004107201,2.4736
ZINC000069322743,2.474016
ZINC000010034844,2.474081
ZINC000575613792,2.47581
ZINC000035178543,2.476296
ZINC000055341455,2.47683
ZINC000004803768,2.479541
ZINC000013729722,2.481573
ZINC000089291962,2.483407
ZINC000006441078,2.483433
ZINC000070653065,2.485493
ZINC000008611353,2.486172
ZINC000012523975,2.486614
ZINC000016776941,2.487859
ZINC000007045440,2.487868
ZINC000888090407,2.489366
ZINC000001752717,2.489385
ZINC000007277647,2.489801
ZINC000002655259,2.490347
ZINC000005610811,2.493434
ZINC001506399697,2.494251
ZINC000033575628,2.494793
ZINC000104215151,2.494815
ZINC000005635573,2.495799
ZINC000006146432,2.495821
ZINC000065115079,2.495911
ZINC000104646888,2.497087
ZINC000000433733,2.501042
ZINC000607858770,2.501884
ZINC000000472794,2.502545
ZINC000098002236,2.502568
ZINC000004798101,2.503078
ZINC000015829556,2.503327
ZINC000008399381,2.504266
ZINC000003404733,2.50491
ZINC000071856856,2.50539
ZINC000003998798,2.508627
ZINC000007996467,2.509809
ZINC000018199251,2.509928
ZINC000000233218,2.510533
ZINC000066324817,2.510682
ZINC000252492554,2.511397
ZINC000254856006,2.514506
ZINC000000268739,2.514909
ZINC000013348641,2.515195
ZINC000006476133,2.516176
ZINC000015870145,2.516191
ZINC000104202007,2.516595
ZINC000008751641,2.517185
ZINC000071772519,2.517215
ZINC000097162577,2.518477
ZINC000006203162,2.51868
ZINC000001588525,2.520298
ZINC000000070129,2.520568
ZINC000016850257,2.522424
ZINC000013205169,2.523208
ZINC000100936268,2.523548
ZINC000298619632,2.525746
ZINC000005482694,2.526656
ZINC000408721452,2.527344
ZINC000006454787,2.527589
ZINC000083843741,2.527836
ZINC000252458404,2.528574
ZINC000000992699,2.528935
ZINC000044226730,2.529624
ZINC000016598859,2.529712
ZINC000005261100,2.529791
ZINC000135645078,2.529864
ZINC000254556251,2.531705
ZINC000002813971,2.532823
ZINC000006685095,2.534432
ZINC000409195984,2.541057
ZINC000100313834,2.541566
ZINC000057906916,2.542978
ZINC000002987052,2.543142
ZINC000001393812,2.543226
ZINC000001422515,2.543401
ZINC000001655608,2.543422
ZINC000010274582,2.543566
ZINC000100842131,2.54413
ZINC000034926688,2.544859
ZINC000100446073,2.545518
ZINC000004472618,2.547184
ZINC000005751786,2.550546
ZINC000002597360,2.550732
ZINC000003270810,2.551305
ZINC000001399146,2.55136
ZINC000027995585,2.551639
ZINC000071915102,2.552679
ZINC000002885487,2.553265
ZINC000005346795,2.553414
ZINC000013148381,2.554471
ZINC000058305140,2.555339
ZINC000004362001,2.556685
ZINC000090614217,2.556908
ZINC000032099691,2.558646
ZINC000100286275,2.56046
ZINC000254397855,2.561145
ZINC000016663422,2.561583
ZINC000103711105,2.562256
ZINC000016525555,2.562482
ZINC000005181934,2.562736
ZINC000066014788,2.562997
ZINC000096319145,2.563004
ZINC000007785628,2.563895
ZINC000096404855,2.56437
ZINC001506406400,2.564675
ZINC000003216635,2.567026
ZINC000001650727,2.567134
ZINC000261494946,2.56788
ZINC000022894179,2.569312
ZINC000008715805,2.571062
ZINC000000476183,2.571243
ZINC000075427967,2.571368
ZINC000008618247,2.571904
ZINC000004809805,2.575158
ZINC000056635569,2.57761
ZINC000100290948,2.577735
ZINC000006204391,2.578211
ZINC000009321333,2.578954
ZINC000000645233,2.579233
ZINC000016951548,2.580779
ZINC000014169305,2.580879
ZINC000003086161,2.581155
ZINC000071279857,2.582044
ZINC000006446352,2.583597
ZINC000008508915,2.585042
ZINC000575410945,2.585478
ZINC000095991397,2.588857
ZINC000328596699,2.590833
ZINC000004104960,2.593393
ZINC000035596793,2.596594
ZINC000033173721,2.598842
ZINC000000610086,2.60019
ZINC000000117089,2.601133
ZINC000000055235,2.602351
ZINC000004771084,2.60384
ZINC000008605158,2.605802
ZINC000103951371,2.60768
ZINC000000099010,2.608095
ZINC000009636275,2.610408
ZINC000003161582,2.610629
ZINC000001158646,2.612764
ZINC000000366671,2.614113
ZINC000017126926,2.615223
ZINC000033007623,2.6174
ZINC000006896715,2.617602
ZINC000170621311,2.619175
ZINC000109566457,2.619364
ZINC000002381305,2.619506
ZINC000075250087,2.6209
ZINC000408735722,2.621462
ZINC000000150712,2.622036
ZINC000006560519,2.622127
ZINC000007006106,2.622813
ZINC000012536027,2.626093
ZINC000001652337,2.627259
ZINC000059294596,2.628461
ZINC000012375281,2.630367
ZINC000021210081,2.630785
ZINC000225639983,2.631355
ZINC000058573607,2.631427
ZINC000013555276,2.631466
ZINC000409328305,2.632124
ZINC000000149255,2.632147
ZINC000030608433,2.632597
ZINC000004455999,2.634111
ZINC000009670372,2.638636
ZINC000253531353,2.639763
ZINC000000081958,2.640446
ZINC000036379949,2.640753
ZINC000606347654,2.643307
ZINC000003254122,2.643406
ZINC000097146000,2.643509
ZINC000001644228,2.643522
ZINC000008612292,2.644751
ZINC000001403869,2.645069
ZINC000023258591,2.645125
ZINC000095396857,2.645486
ZINC000096562336,2.649717
ZINC000013127788,2.649725
ZINC000074630551,2.653081
ZINC000003094460,2.654491
ZINC000000186770,2.655122
ZINC000000477125,2.657286
ZINC000225398578,2.657988
ZINC000020490019,2.659342
ZINC000033125804,2.660514
ZINC000000407673,2.663056
ZINC000000148587,2.666258
ZINC000039929358,2.66634
ZINC000408622896,2.669257
ZINC000000610160,2.670757
ZINC000072437797,2.670922
ZINC000000221908,2.671535
ZINC000031548024,2.67169
ZINC000013730199,2.67583
ZINC000000722005,2.678516
ZINC000009377910,2.680122
ZINC000059522925,2.680388
ZINC000008399282,2.681081
ZINC000059824107,2.681446
ZINC000004743424,2.682811
ZINC000020560468,2.685106
ZINC000004276011,2.685348
ZINC000024983868,2.690078
ZINC000044122674,2.691421
ZINC000026268567,2.692047
ZINC000016890257,2.692543
ZINC000073634107,2.693547
ZINC000330824312,2.696729
ZINC000001112892,2.696966
ZINC000016490042,2.69729
ZINC000035323599,2.697338
ZINC000006154596,2.697421
ZINC000069127434,2.698188
ZINC000013602960,2.699728
ZINC000075518810,2.699764
ZINC000045096310,2.700019
ZINC000009421788,2.701026
ZINC000001724498,2.701395
ZINC000017380345,2.702256
ZINC000001789183,2.704603
ZINC000064819828,2.706071
ZINC000004195301,2.70643
ZINC000000236119,2.707428
ZINC000019508322,2.708088
ZINC000000390650,2.709643
ZINC000261494961,2.712562
ZINC000075287011,2.713262
ZINC000012601603,2.715345
ZINC000003418491,2.717192
ZINC000006140175,2.717268
ZINC000005819318,2.718128
ZINC000006210549,2.718705
ZINC000102942050,2.718776
ZINC000003847923,2.720158
ZINC000001386551,2.724434
ZINC000013477488,2.727194
ZINC000006998586,2.728221
ZINC000026780077,2.72847
ZINC000002240603,2.731346
ZINC000005347996,2.732967
ZINC000002802603,2.73474
ZINC000013219740,2.736124
ZINC000004915403,2.737382
ZINC000005589593,2.738706
ZINC000004174005,2.740008
ZINC000104311694,2.742291
ZINC000254824429,2.742383
ZINC000009062091,2.743059
ZINC000077198777,2.743258
ZINC000003215380,2.74326
ZINC000019470977,2.743329
ZINC000002353882,2.743757
ZINC000024743819,2.743887
ZINC000001644225,2.743916
ZINC000015232302,2.745409
ZINC000012527873,2.745844
ZINC000002999137,2.747446
ZINC000001918389,2.751068
ZINC000001082213,2.751543
ZINC000003088261,2.751712
ZINC000004771723,2.753164
ZINC000013141549,2.756355
ZINC000170618515,2.756893
ZINC000072332474,2.758134
ZINC000055590980,2.758895
ZINC000225878289,2.759553
ZINC000001732099,2.760069
ZINC000000713377,2.764278
ZINC000003264257,2.764313
ZINC000009439892,2.767149
ZINC000000111731,2.768816
ZINC000048277125,2.770061
ZINC000002793567,2.775282
ZINC000003852453,2.778019
ZINC000020937438,2.779404
ZINC000072303665,2.779922
ZINC000057315940,2.780216
ZINC000000384182,2.782393
ZINC000001154550,2.784635
ZINC000104304203,2.785391
ZINC000009356329,2.786823
ZINC000077299164,2.788079
ZINC000082039529,2.788332
ZINC000024924443,2.788529
ZINC000003335800,2.789668
ZINC000225447907,2.790449
ZINC000001644230,2.791016
ZINC000017079522,2.79235
ZINC000254343257,2.792719
ZINC000027931612,2.794658
ZINC000097983805,2.795433
ZINC000000558148,2.796362
ZINC000073634109,2.79784
ZINC000017314134,2.799262
ZINC000006653619,2.799389
ZINC000033005457,2.805001
ZINC000001398132,2.805696
ZINC000408621736,2.806622
ZINC000008883211,2.806763
ZINC000001210122,2.808732
ZINC000008444788,2.809257
ZINC000008416697,2.810771
ZINC000000825409,2.816817
ZINC000015022129,2.817252
ZINC000003845279,2.817508
ZINC000003296323,2.818644
ZINC000085471896,2.821191
ZINC000012811925,2.821733
ZINC000005239318,2.822903
ZINC000066803416,2.823805
ZINC000000149479,2.823887
ZINC000009208020,2.824325
ZINC000003051914,2.827457
ZINC000018194209,2.829475
ZINC000084460077,2.832802
ZINC000000110443,2.834236
ZINC000003852644,2.837838
ZINC000013482838,2.839147
ZINC000006636282,2.839753
ZINC000020156313,2.841253
ZINC000008691212,2.844697
ZINC000000319732,2.84546
ZINC000032929302,2.845875
ZINC000033353943,2.846657
ZINC000006402209,2.848304
ZINC000015251627,2.849567
ZINC000254845282,2.849689
ZINC000009482532,2.850052
ZINC000012624123,2.853189
ZINC000015867531,2.853398
ZINC000019723029,2.853531
ZINC000103888415,2.854714
ZINC000004798008,2.856844
ZINC000254344656,2.858255
ZINC000084013687,2.858764
ZINC000003122430,2.860872
ZINC000008985808,2.864026
ZINC000002858499,2.864584
ZINC000004563701,2.864967
ZINC000000329495,2.866748
ZINC000096306350,2.868324
ZINC000000170672,2.87135
ZINC000003771166,2.871947
ZINC000009971179,2.872701
ZINC000015331356,2.87507
ZINC000226323046,2.878342
ZINC000102960240,2.878548
ZINC000072498022,2.881091
ZINC000000627119,2.882252
ZINC000006908073,2.88248
ZINC000006855307,2.882939
ZINC000100366189,2.883951
ZINC000036395233,2.884813
ZINC000001681388,2.885634
ZINC000006190213,2.886467
ZINC000104816068,2.886906
ZINC000068203670,2.887379
ZINC000003192580,2.888295
ZINC000622928349,2.888419
ZINC000009167104,2.888728
ZINC000040457630,2.889198
ZINC000000441362,2.890957
ZINC000069976835,2.892473
ZINC000005855710,2.894706
ZINC000055180023,2.896159
ZINC000020834785,2.896625
ZINC000004134682,2.898595
ZINC000012285413,2.899
ZINC000003270813,2.901809
ZINC000003256050,2.901857
ZINC000002686576,2.903012
ZINC000069367500,2.903522
ZINC000005672401,2.903848
ZINC000085391758,2.904954
ZINC000009140258,2.905391
ZINC000013019137,2.906082
ZINC000004135278,2.907428
ZINC000054137324,2.90773
ZINC000003287173,2.908295
ZINC000013116182,2.908582
ZINC000004122841,2.908858
ZINC000016525012,2.910283
ZINC000009671283,2.911603
ZINC000008741294,2.912544
ZINC000020990322,2.913622
ZINC000095482093,2.914482
ZINC000025164613,2.915065
ZINC000077100090,2.917179
ZINC000001637636,2.917368
ZINC000071814521,2.918532
ZINC000040385809,2.918539
ZINC000032578435,2.919344
ZINC000000623139,2.919638
ZINC000170609394,2.919924
ZINC000033263872,2.920492
ZINC000009108837,2.922411
ZINC000000480190,2.922457
ZINC000003306043,2.925407
ZINC000005685336,2.925669
ZINC000033169131,2.928682
ZINC000024988418,2.929144
ZINC000005009216,2.929677
ZINC000008665247,2.929821
ZINC000000521269,2.930422
ZINC000002858095,2.930877
ZINC000071459240,2.931569
ZINC000095465021,2.931594
ZINC000253431301,2.932268
ZINC000044974132,2.93264
ZINC000952969963,2.932959
ZINC000006703971,2.934325
ZINC000001418436,2.934481
ZINC000015232294,2.935614
ZINC000005047897,2.936055
ZINC000150446821,2.936267
ZINC000101720029,2.936601
ZINC000021295719,2.937707
ZINC000005936122,2.938639
ZINC000005124931,2.940656
ZINC000013687114,2.941863
ZINC000004982138,2.944692
ZINC000040167237,2.944802
ZINC000100621172,2.947402
ZINC000003262977,2.948203
ZINC000104273020,2.950331
ZINC000097141723,2.951056
ZINC000097140300,2.951907
ZINC000003425712,2.952731
ZINC000004006154,2.953323
ZINC000009747130,2.953506
ZINC000030057143,2.954243
ZINC000013208709,2.954797
ZINC000000461260,2.955906
ZINC000100859783,2.956668
ZINC000029749239,2.957348
ZINC000002810262,2.958834
ZINC000008399248,2.959835
ZINC000002641530,2.961314
ZINC000025152372,2.964424
ZINC000000309109,2.9654
ZINC000020617143,2.965898
ZINC000032996345,2.967856
ZINC000096407241,2.968627
ZINC000263585605,2.970212
ZINC000109061430,2.972962
ZINC000049001835,2.97387
ZINC000096592598,2.97468
ZINC000007758565,2.97558
ZINC000072238516,2.9805
ZINC000000117227,2.982375
ZINC000058891685,2.982608
ZINC000000692407,2.982867
ZINC000001443700,2.984268
ZINC000154643297,2.984831
ZINC000101385371,2.98845
ZINC000100396179,2.988505
ZINC000001445417,2.988992
ZINC000006479842,2.989884
ZINC000049449690,2.989984
ZINC000001122034,2.990375
ZINC000021113237,2.992741
ZINC000084013765,2.995367
ZINC000039748843,2.995478
ZINC000409341753,2.996779
ZINC000006189548,2.997004
ZINC000006490354,2.997118
ZINC000013717204,2.9974
ZINC000001435464,2.997489
ZINC000253398295,2.999207
ZINC000015415236,3.000114
ZINC000072292823,3.001864
ZINC000040267338,3.005145
ZINC000006258215,3.007885
ZINC000001176878,3.00836
ZINC001506411684,3.009994
ZINC000003223868,3.013877
ZINC000020990216,3.015154
ZINC000005657836,3.018001
ZINC000000081240,3.018163
ZINC000017005307,3.018175
ZINC000009203439,3.020867
ZINC000004773697,3.021525
ZINC000005378187,3.022442
ZINC000100019082,3.025316
ZINC000263593988,3.026321
ZINC000004577828,3.026417
ZINC000004498733,3.030863
ZINC000012553748,3.03377
ZINC000222294468,3.033896
ZINC000952985577,3.034076
ZINC000023043112,3.034807
ZINC000016215277,3.037186
ZINC000007977343,3.041472
ZINC000075278756,3.042043
ZINC000090614200,3.04275
ZINC000230490165,3.044441
ZINC000032996543,3.044841
ZINC000002096282,3.045889
ZINC000096119974,3.046247
ZINC000006925296,3.046482
ZINC000001423276,3.046956
ZINC000002096279,3.048162
ZINC000005063823,3.051031
ZINC000095457302,3.051426
ZINC000096012247,3.053975
ZINC000254380079,3.057688
ZINC000048277463,3.059236
ZINC000058052656,3.059595
ZINC000096097987,3.059891
ZINC000008424705,3.060053
ZINC000001186492,3.060166
ZINC000005006024,3.065311
ZINC000000494828,3.06625
ZINC000007737851,3.066785
ZINC000000116230,3.068885
ZINC000064290844,3.069328
ZINC000409340290,3.072224
ZINC000002894398,3.072322
ZINC000606347510,3.073626
ZINC000001092940,3.076161
ZINC000012567084,3.076362
ZINC000012624853,3.077418
ZINC000001104848,3.078029
ZINC000005519765,3.078569
ZINC000002178758,3.078846
ZINC000101127109,3.080677
ZINC000100396605,3.08146
ZINC000020560755,3.082366
ZINC000002374726,3.083232
ZINC000254808309,3.086546
ZINC000077199682,3.086647
ZINC000254743297,3.08765
ZINC000003158339,3.08932
ZINC000002071363,3.091532
ZINC000006191571,3.093198
ZINC000000096754,3.093427
ZINC000012549142,3.09374
ZINC000002577178,3.094117
ZINC000006088963,3.099022
ZINC000037868436,3.101298
ZINC000002913463,3.104169
ZINC000331025441,3.104858
ZINC000034855978,3.107513
ZINC000101459141,3.108581
ZINC000008665313,3.110524
ZINC000329319819,3.112903
ZINC000002362382,3.114374
ZINC000000441720,3.114531
ZINC000003631187,3.116315
ZINC000008687956,3.117829
ZINC000104139101,3.121519
ZINC000009373665,3.123812
ZINC000075093138,3.126223
ZINC000001644224,3.126224
ZINC000001388044,3.12625
ZINC000072242353,3.130511
ZINC000008853632,3.130657
ZINC000000558340,3.132832
ZINC000003203317,3.133778
ZINC000012730253,3.13422
ZINC000000755102,3.134404
ZINC000013007240,3.135766
ZINC000003340375,3.136502
ZINC000004107492,3.136826
ZINC000058369923,3.137674
ZINC000002504460,3.137825
ZINC000225720745,3.138692
ZINC000952982562,3.140454
ZINC000026780228,3.142344
ZINC000017066637,3.142375
ZINC000000825412,3.14349
ZINC000097758615,3.149768
ZINC000008382557,3.150361
ZINC000058201911,3.15224
ZINC000017195581,3.152329
ZINC000009042822,3.153131
ZINC000016249341,3.153843
ZINC000038536749,3.154223
ZINC000016607166,3.154719
ZINC000102457074,3.155111
ZINC000254597932,3.157724
ZINC000888090940,3.159787
ZINC000006188574,3.160051
ZINC000048626830,3.162806
ZINC000199735602,3.163441
ZINC000002291594,3.164705
ZINC000057778379,3.164774
ZINC000006615873,3.166304
ZINC000001777217,3.167328
ZINC000098042786,3.171721
ZINC000002840446,3.171925
ZINC000100817271,3.172031
ZINC000000331173,3.172079
ZINC000408621171,3.172718
ZINC000000237444,3.173301
ZINC000001327946,3.174048
ZINC000071893247,3.177687
ZINC000012512820,3.182262
ZINC000004993978,3.182311
ZINC000003349415,3.182326
ZINC000017836123,3.182562
ZINC000011027432,3.183128
ZINC000013108136,3.183344
ZINC000000039948,3.184399
ZINC000020494350,3.184678
ZINC000000144113,3.184931
ZINC000013346257,3.18514
ZINC000100469686,3.187576
ZINC000021157400,3.189314
ZINC000013954989,3.189674
ZINC000004754000,3.191571
ZINC000003207179,3.193698
ZINC000040156319,3.194667
ZINC000408730013,3.196143
ZINC000033808199,3.196419
ZINC000035598244,3.197293
ZINC000409185129,3.19945
ZINC000011694970,3.199793
ZINC000409108691,3.20256
ZINC000014077294,3.206347
ZINC000008690043,3.207184
ZINC000002371503,3.207231
ZINC000006476344,3.207478
ZINC000009064179,3.20916
ZINC000075109623,3.209409
ZINC000254371715,3.211716
ZINC000003666266,3.215263
ZINC000002629378,3.21545
ZINC000000273338,3.216378
ZINC000328592175,3.218663
ZINC000055061169,3.218765
ZINC000330494462,3.218831
ZINC000016756776,3.218846
ZINC000076041139,3.221765
ZINC000004339755,3.221943
ZINC000003140515,3.223548
ZINC000001120765,3.227735
ZINC000067300043,3.228049
ZINC000408527190,3.230242
ZINC000328595121,3.230725
ZINC000012631739,3.231126
ZINC000033038363,3.231375
ZINC000054296444,3.23369
ZINC000005345140,3.233931
ZINC000002362337,3.236517
ZINC000253531420,3.236841
ZINC000103855581,3.237332
ZINC000004867870,3.237474
ZINC000004275733,3.238014
ZINC000000469791,3.23875
ZINC000005616670,3.240988
ZINC000013645856,3.241345
ZINC000000487486,3.241754
ZINC000005889324,3.242599
ZINC000002638280,3.243878
ZINC000034705981,3.244127
ZINC000003848456,3.24658
ZINC000002741002,3.251378
ZINC000000973511,3.25172
ZINC000012556434,3.252047
ZINC000001390007,3.253054
ZINC000039756107,3.254656
ZINC000014257794,3.256971
ZINC000034856997,3.260518
ZINC000065503878,3.260946
ZINC000038679046,3.261278
ZINC000008399204,3.26234
ZINC000044108354,3.262737
ZINC000113738640,3.265137
ZINC000254766138,3.268376
ZINC000000176223,3.269063
ZINC000000284383,3.269634
ZINC000096158031,3.269955
ZINC000082157362,3.27176
ZINC000001761192,3.271937
ZINC000005900229,3.271951
ZINC000005675445,3.272826
ZINC000067334520,3.273341
ZINC000075163341,3.275163
ZINC001529596153,3.276924
ZINC000040143991,3.278764
ZINC000009109927,3.279389
ZINC000005131893,3.281523
ZINC000012763908,3.284414
ZINC000252602108,3.287143
ZINC000001404077,3.287503
ZINC000254612624,3.287879
ZINC000254736230,3.288918
ZINC000003906612,3.288919
ZINC000097228809,3.289207
ZINC000000864930,3.290802
ZINC000024969055,3.292965
ZINC000013638626,3.293047
ZINC000102941251,3.295254
ZINC000027530450,3.296426
ZINC000073324215,3.298451
ZINC000001264646,3.301273
ZINC000101276279,3.30237
ZINC000001589614,3.302847
ZINC000409188431,3.303295
ZINC000007655874,3.306094
ZINC000000346465,3.306297
ZINC000005581974,3.307316
ZINC000069775645,3.310001
ZINC000104304131,3.310691
ZINC000006813648,3.314565
ZINC000001193109,3.315507
ZINC000000536788,3.316038
ZINC000006589574,3.316212
ZINC000006681155,3.316439
ZINC000408619091,3.319779
ZINC000254530707,3.320447
ZINC000003158338,3.321838
ZINC000000088117,3.325071
ZINC000005348726,3.325081
ZINC000001045972,3.325475
ZINC000003200461,3.326209
ZINC000000467593,3.327073
ZINC000072283311,3.327844
ZINC000005836908,3.328412
ZINC000001298558,3.32894
ZINC000010847264,3.330215
ZINC000058368566,3.332313
ZINC000009064185,3.33408
ZINC000003328712,3.33448
ZINC000000826183,3.335971
ZINC000006547946,3.338209
ZINC000022529652,3.3437
ZINC000102941545,3.344469
ZINC000002656359,3.346074
ZINC000104747839,3.346536
ZINC000002741244,3.347825
ZINC000065131348,3.347848
ZINC000006158819,3.351421
ZINC000100819197,3.354822
ZINC000000109880,3.356476
ZINC000007983188,3.357308
ZINC000002852621,3.35735
ZINC000017586065,3.357501
ZINC000009354821,3.363788
ZINC000016975092,3.364902
ZINC000015513925,3.364995
ZINC000000452891,3.367757
ZINC000000251751,3.368321
ZINC000002264284,3.370082
ZINC000003226058,3.371769
ZINC000005798175,3.372049
ZINC000100843312,3.372063
ZINC000012958935,3.374228
ZINC000005345346,3.376288
ZINC000002741198,3.376532
ZINC000065487780,3.376699
ZINC000001588732,3.377094
ZINC000003096207,3.378003
ZINC000013496763,3.383494
ZINC000016695662,3.385457
ZINC000032127452,3.386018
ZINC000005161968,3.386836
ZINC000003202596,3.388067
ZINC000018167137,3.388321
ZINC000045520726,3.388375
ZINC000409198837,3.390313
ZINC000006839802,3.391555
ZINC000001238841,3.391591
ZINC000000400052,3.392154
ZINC000408822872,3.393356
ZINC000005229429,3.393745
ZINC000069972087,3.394663
ZINC000055060953,3.395241
ZINC000004135276,3.39736
ZINC000005686823,3.3986
ZINC000001392540,3.398704
ZINC000001407221,3.399754
ZINC000035597468,3.399841
ZINC000408618581,3.400923
ZINC000065306320,3.404448
ZINC000151839064,3.404504
ZINC000409193147,3.404911
ZINC000002806798,3.405145
ZINC000011691665,3.406692
ZINC000058263913,3.40804
ZINC000150611328,3.412387
ZINC000225743927,3.412862
ZINC000001093345,3.412893
ZINC000009562871,3.414077
ZINC000001186821,3.414289
ZINC000004698678,3.419796
ZINC000100560837,3.420283
ZINC000005299505,3.420578
ZINC000000266433,3.421278
ZINC000009202686,3.424245
ZINC000096425315,3.424626
ZINC000033088696,3.424816
ZINC000004631095,3.426914
ZINC000015978741,3.427343
ZINC000002999251,3.428561
ZINC000104850866,3.43184
ZINC000001045678,3.432465
ZINC000002194103,3.434187
ZINC000011666334,3.434675
ZINC000002551754,3.435355
ZINC000001178630,3.438588
ZINC000012558512,3.439196
ZINC000023055508,3.440886
ZINC000016941467,3.441389
ZINC000409198000,3.443546
ZINC000004741318,3.444606
ZINC000023371591,3.445043
ZINC000004983808,3.446531
ZINC000035681834,3.447725
ZINC000058343685,3.450038
ZINC000097982329,3.4501
ZINC000003953831,3.450806
ZINC000022608932,3.451729
ZINC000155919642,3.456499
ZINC000002370298,3.457699
ZINC000058413251,3.461884
ZINC000072296677,3.462081
ZINC000012488203,3.462943
ZINC000090503018,3.463426
ZINC000012926799,3.465115
ZINC000096563989,3.465705
ZINC000065115203,3.465882
ZINC000003316013,3.46678
ZINC000072284208,3.466883
ZINC000003010207,3.467485
ZINC000002194426,3.46769
ZINC000101038796,3.469203
ZINC000005828309,3.469418
ZINC000085389773,3.471215
ZINC000047709153,3.474208
ZINC000408887768,3.474617
ZINC000036243899,3.476004
ZINC000000331177,3.478111
ZINC000012032595,3.478483
ZINC000013936055,3.478622
ZINC000085389778,3.478661
ZINC000001622920,3.47929
ZINC000013771497,3.479822
ZINC000000492402,3.48388
ZINC000017088011,3.484019
ZINC000000656378,3.484322
ZINC000009465408,3.484496
ZINC000002697282,3.489685
ZINC000006761456,3.492317
ZINC000013576983,3.492497
ZINC000009913969,3.49259
ZINC000084114296,3.4939
ZINC000006269129,3.497973
ZINC000951723420,3.49954
ZINC000069486883,3.507878
ZINC000000222383,3.509332
ZINC000006332217,3.509808
ZINC000013687972,3.510085
ZINC000001951273,3.511817
ZINC000002793374,3.511932
ZINC000409207297,3.512154
ZINC000000569501,3.513272
ZINC000170630875,3.513412
ZINC000016493443,3.514118
ZINC000003195915,3.51417
ZINC000005349009,3.51456
ZINC000004808895,3.516243
ZINC000004854916,3.516933
ZINC000002264434,3.520821
ZINC000000156657,3.522355
ZINC000003178297,3.525745
ZINC000003010202,3.527555
ZINC000001781785,3.528685
ZINC000032127834,3.529118
ZINC000002431630,3.529803
ZINC000008782794,3.530911
ZINC000002375989,3.53126
ZINC000013856266,3.531294
ZINC000001470998,3.534551
ZINC000095975533,3.535472
ZINC000242389597,3.537632
ZINC000001098602,3.537761
ZINC000001084287,3.539793
ZINC000002321989,3.541152
ZINC000001609929,3.5412
ZINC000057315924,3.542496
ZINC000253427031,3.543217
ZINC000013145571,3.543289
ZINC000052026381,3.545093
ZINC000009225155,3.546156
ZINC000102960100,3.546493
ZINC000225171160,3.546758
ZINC000002852763,3.547075
ZINC000005345656,3.549719
ZINC000002272920,3.550942
ZINC000005879555,3.55194
ZINC000013228285,3.552401
ZINC000072229710,3.554471
ZINC000002185057,3.554879
ZINC000077100460,3.555766
ZINC000095445368,3.556835
ZINC000002135607,3.557164
ZINC000003200404,3.560161
ZINC000002284396,3.562698
ZINC000003188295,3.564807
ZINC000328599441,3.564932
ZINC000021596510,3.565715
ZINC000017005528,3.566824
ZINC000002210151,3.569097
ZINC000012547029,3.572562
ZINC000096653041,3.572892
ZINC000027528298,3.573076
ZINC000584904514,3.573298
ZINC000100921619,3.573925
ZINC000002363038,3.573936
ZINC000001215394,3.575037
ZINC000253429128,3.576148
ZINC000101161213,3.577092
ZINC000096442752,3.5794
ZINC000000359640,3.579735
ZINC000002327036,3.580707
ZINC000016115864,3.581548
ZINC000096021889,3.582178
ZINC000000342025,3.584421
ZINC000150388314,3.584808
ZINC000060417197,3.587277
ZINC000100841606,3.587366
ZINC000225399068,3.587726
ZINC000004853262,3.588144
ZINC000072274926,3.592059
ZINC000000708495,3.598554
ZINC000008083718,3.600915
ZINC000001123779,3.601088
ZINC000001131426,3.603735
ZINC000004666457,3.605275
ZINC000058189937,3.60572
ZINC000100947045,3.606265
ZINC000012623933,3.606315
ZINC000000827828,3.607274
ZINC000033136517,3.608192
ZINC000110372953,3.610151
ZINC000008602849,3.610271
ZINC000019633580,3.611535
ZINC000000450677,3.614392
ZINC000002697242,3.616417
ZINC000408617496,3.616437
ZINC000003195623,3.618334
ZINC000073799152,3.620404
ZINC000253630102,3.622424
ZINC000004838720,3.622652
ZINC000000180552,3.623337
ZINC000102929528,3.623598
ZINC000005948327,3.626526
ZINC000004761570,3.63068
ZINC000001213385,3.634598
ZINC000095725648,3.634712
ZINC000409338107,3.636111
ZINC000001561847,3.639123
ZINC000004771299,3.639492
ZINC000000180574,3.640596
ZINC000069705334,3.642245
ZINC000013638011,3.644634
ZINC000003503629,3.646739
ZINC000031629120,3.650772
ZINC000033920715,3.653149
ZINC000020540072,3.654107
ZINC000409199077,3.655102
ZINC000002954650,3.655651
ZINC000409203590,3.65856
ZINC000002071403,3.662695
ZINC000008873977,3.665233
ZINC000008114245,3.666077
ZINC000000443031,3.666681
ZINC000005524339,3.668674
ZINC000008202910,3.670934
ZINC000003138307,3.670939
ZINC000097994008,3.674936
ZINC000254633002,3.679206
ZINC000000193153,3.685181
ZINC000034609398,3.687546
ZINC000001026413,3.688732
ZINC000329655078,3.689457
ZINC000072066834,3.691644
ZINC000096305866,3.692125
ZINC000254466131,3.692543
ZINC000047271531,3.694959
ZINC000005836026,3.695054
ZINC000009090850,3.695966
ZINC000058053614,3.696961
ZINC000000114095,3.697072
ZINC000263639662,3.697352
ZINC000000671672,3.698834
ZINC000004088206,3.701145
ZINC000032647016,3.702491
ZINC000006694159,3.702695
ZINC000016265096,3.703437
ZINC000003207170,3.705075
ZINC000254873871,3.705751
ZINC000018210613,3.706444
ZINC000070635624,3.707501
ZINC000003199185,3.707734
ZINC000000045845,3.708413
ZINC000032826548,3.708464
ZINC000102769211,3.709571
ZINC000329325393,3.711767
ZINC000016957615,3.713294
ZINC000012138786,3.715977
ZINC000017090051,3.716852
ZINC000096837318,3.720519
ZINC000008686077,3.722563
ZINC000005498725,3.72669
ZINC000033783258,3.728665
ZINC000480678130,3.731788
ZINC000049027282,3.736362
ZINC000002195053,3.745445
ZINC000000551906,3.745516
ZINC000062023033,3.748792
ZINC000004950461,3.752333
ZINC000001298561,3.752792
ZINC000004264591,3.753259
ZINC000067256536,3.753917
ZINC000008636714,3.756082
ZINC000006615819,3.758692
ZINC000012950662,3.761199
ZINC000000356980,3.764209
ZINC000003195997,3.768591
ZINC000027692442,3.768948
ZINC000005926459,3.771259
ZINC000006213887,3.773525
ZINC000008617777,3.774749
ZINC000003299186,3.777205
ZINC000100396332,3.777936
ZINC000000058647,3.785232
ZINC000005933840,3.785682
ZINC000085389775,3.788885
ZINC000055179282,3.789134
ZINC000390834955,3.789918
ZINC000023549979,3.79129
ZINC000003550070,3.791659
ZINC000000454914,3.792996
ZINC000013797337,3.796507
ZINC000001139048,3.796579
ZINC000049717464,3.796974
ZINC000004567224,3.798955
ZINC000004276219,3.799062
ZINC000000609218,3.803825
ZINC000002787832,3.806065
ZINC000006615845,3.807241
ZINC000001175721,3.808244
ZINC000170637955,3.80991
ZINC000096022673,3.810386
ZINC000016490013,3.814101
ZINC000006252352,3.814173
ZINC000084008053,3.817672
ZINC000000313633,3.82001
ZINC000003226105,3.821177
ZINC000012584791,3.823714
ZINC000003354039,3.824903
ZINC000001184000,3.829385
ZINC000006345210,3.830097
ZINC000079064880,3.830906
ZINC000006869565,3.832052
ZINC000022136439,3.833509
ZINC000003100796,3.834016
ZINC000000463525,3.839637
ZINC000033298996,3.840512
ZINC000002852697,3.842196
ZINC000000846667,3.842826
ZINC000006146890,3.843021
ZINC000002999860,3.843042
ZINC000018194545,3.843803
ZINC000000031966,3.854039
ZINC000004194481,3.857182
ZINC000069520709,3.859564
ZINC000033354398,3.860092
ZINC000409193968,3.867485
ZINC000006959306,3.868428
ZINC000328589842,3.873016
ZINC000104266215,3.873289
ZINC000000570335,3.874188
ZINC000048535655,3.876057
ZINC000062022998,3.876375
ZINC000012380159,3.876539
ZINC000011693815,3.879836
ZINC000012549602,3.88478
ZINC000254404525,3.884878
ZINC000005240437,3.88533
ZINC000032153800,3.887714
ZINC000009064565,3.890039
ZINC000004724027,3.89116
ZINC000032189230,3.89478
ZINC000100042424,3.895925
ZINC000040150914,3.896371
ZINC000002856212,3.896499
ZINC000001117229,3.898852
ZINC000009691446,3.900054
ZINC000058195282,3.90088
ZINC000013784770,3.901438
ZINC000003120052,3.902774
ZINC000017024803,3.905565
ZINC000001053350,3.907182
ZINC000000718452,3.909633
ZINC000002573244,3.9141
ZINC000033488198,3.91468
ZINC000000827844,3.916861
ZINC000006921069,3.91707
ZINC000005345101,3.919337
ZINC000032960410,3.920745
ZINC000072312237,3.924259
ZINC000006203654,3.92619
ZINC000032127783,3.930944
ZINC000020095938,3.931882
ZINC000001301769,3.935352
ZINC000060432177,3.940767
ZINC000004307666,3.945174
ZINC000004001653,3.945229
ZINC000001876589,3.956669
ZINC000003551448,3.959801
ZINC000006088996,3.961552
ZINC000005498726,3.96356
ZINC000003346455,3.967089
ZINC000069521374,3.967221
ZINC000008898382,3.969865
ZINC000102942294,3.971205
ZINC000040058316,3.973276
ZINC000007958487,3.97418
ZINC000000877431,3.976101
ZINC000013878993,3.978195
ZINC000003656738,3.979584
ZINC000009613519,3.981497
ZINC000000452083,3.981499
ZINC000006269365,3.982913
ZINC000000144116,3.987926
ZINC000009329979,3.98864
ZINC000253470693,3.990479
ZINC000007512715,3.990954
ZINC000001685035,3.992818
ZINC000012932683,3.998396
ZINC000016449009,4.001876
ZINC000001188364,4.002067
ZINC000084374585,4.004829
ZINC000020534024,4.004839
ZINC000069390375,4.00529
ZINC000001764954,4.010004
ZINC000001175704,4.010285
ZINC000000675615,4.012186
ZINC000002568805,4.014089
ZINC000253432186,4.015304
ZINC000104199362,4.020081
ZINC000002756711,4.020316
ZINC000000080787,4.020877
ZINC000009115150,4.022356
ZINC000009115153,4.031215
ZINC000001158757,4.034934
ZINC000022279413,4.037173
ZINC000008874773,4.037558
ZINC000022130524,4.038712
ZINC000018194162,4.039233
ZINC000020635013,4.039324
ZINC000033334146,4.041004
ZINC000074715480,4.041245
ZINC000009183524,4.042741
ZINC000032721720,4.046608
ZINC000084671068,4.04741
ZINC000241157323,4.047658
ZINC000000456675,4.047825
ZINC000003287983,4.048087
ZINC000006910943,4.048355
ZINC000001387594,4.050664
ZINC000000456568,4.051375
ZINC000072352770,4.051403
ZINC000035325789,4.052665
ZINC000004014330,4.054677
ZINC000004054738,4.063949
ZINC000006614636,4.065462
ZINC000017249311,4.066856
ZINC000103209924,4.066997
ZINC000329424714,4.068684
ZINC000033684196,4.068704
ZINC000003256545,4.084594
ZINC000004016372,4.085319
ZINC000009090337,4.094105
ZINC000001065399,4.094293
ZINC000000366084,4.095236
ZINC000101434076,4.096333
ZINC000252630661,4.102354
ZINC000100430702,4.104491
ZINC000004864447,4.105537
ZINC000004036363,4.106502
ZINC000005447326,4.107656
ZINC000000156295,4.108238
ZINC000097981338,4.108697
ZINC000003878155,4.109719
ZINC000016956195,4.113952
ZINC000021658521,4.116118
ZINC000013137940,4.116379
ZINC000004585660,4.120154
ZINC000072235811,4.12024
ZINC000004036341,4.120293
ZINC000084846978,4.120952
ZINC000001512323,4.121713
ZINC000002379554,4.12382
ZINC000000202431,4.12595
ZINC000003893258,4.126656
ZINC000225662772,4.127759
ZINC000000814513,4.129295
ZINC000000877442,4.130254
ZINC000003404730,4.130501
ZINC000002206606,4.131815
ZINC000060291316,4.133163
ZINC000075285931,4.133765
ZINC000016779000,4.135041
ZINC000010217186,4.135793
ZINC000018052004,4.135796
ZINC000002913458,4.135906
ZINC000000877444,4.135984
ZINC000006088861,4.137418
ZINC000002472076,4.141709
ZINC000032902907,4.145594
ZINC000004134664,4.14698
ZINC000005378670,4.147588
ZINC000001175613,4.148582
ZINC000001176594,4.150273
ZINC000016050523,4.151772
ZINC000025185389,4.155752
ZINC000001390627,4.157706
ZINC000006088741,4.158076
ZINC000009035663,4.15945
ZINC000095395260,4.162566
ZINC000089845713,4.163392
ZINC000000677183,4.164727
ZINC000000956511,4.166051
ZINC000000266492,4.167884
ZINC000006297213,4.169511
ZINC000004864446,4.173468
ZINC000040156330,4.175765
ZINC000046127066,4.176283
ZINC000075157975,4.177022
ZINC000012339798,4.177991
ZINC000008718885,4.178158
ZINC000408718139,4.180724
ZINC000009373253,4.184048
ZINC000014792256,4.185905
ZINC000058888715,4.186658
ZINC000003223871,4.18747
ZINC000016779012,4.189183
ZINC000004585686,4.189205
ZINC000575424334,4.189351
ZINC000098002559,4.191722
ZINC000012548235,4.192633
ZINC000083150698,4.192749
ZINC000019504632,4.193547
ZINC000048355573,4.19399
ZINC000096022008,4.207211
ZINC000253426141,4.209891
ZINC000007046808,4.210453
ZINC000097984043,4.212216
ZINC000079047627,4.218477
ZINC000006269686,4.224465
ZINC000023989428,4.228823
ZINC000009460524,4.228873
ZINC000017092274,4.2322
ZINC000021359050,4.233738
ZINC000058850524,4.240677
ZINC000089331169,4.243353
ZINC000005846506,4.244286
ZINC000104361425,4.251987
ZINC000048345538,4.253497
ZINC000033808207,4.254793
ZINC000003422680,4.260722
ZINC000033387713,4.262417
ZINC000006089005,4.270176
ZINC000040385594,4.272236
ZINC000023270331,4.273646
ZINC000001516321,4.273809
ZINC000097108806,4.276481
ZINC000044902489,4.282989
ZINC000023258506,4.283428
ZINC000067955152,4.285707
ZINC000016215894,4.286518
ZINC000017160268,4.28673
ZINC000067654524,4.288156
ZINC000001156698,4.288219
ZINC000025584729,4.289626
ZINC000036618752,4.289881
ZINC000001394698,4.291086
ZINC000408901310,4.293511
ZINC000004051472,4.294791
ZINC000006487040,4.299918
ZINC000008587590,4.301342
ZINC000057313933,4.301605
ZINC000015108532,4.301753
ZINC000016292715,4.306874
ZINC000012490957,4.312938
ZINC000010882579,4.316332
ZINC000013149211,4.32299
ZINC000001465114,4.326616
ZINC000017779054,4.330245
ZINC000073634532,4.330646
ZINC000073634514,4.330817
ZINC000000988170,4.340468
ZINC000033323319,4.340978
ZINC000006660874,4.341215
ZINC000407947247,4.343732
ZINC000064837623,4.34379
ZINC000089540462,4.355188
ZINC000017095384,4.356205
ZINC000006935177,4.35796
ZINC000002637901,4.359977
ZINC000001087409,4.360436
ZINC000007655862,4.364651
ZINC000001505587,4.371789
ZINC000097966740,4.377311
ZINC000136079108,4.377455
ZINC000003894021,4.378985
ZINC000018138491,4.379798
ZINC000016957617,4.382786
ZINC000095962149,4.387378
ZINC000017099003,4.387653
ZINC000016137299,4.396564
ZINC000027994434,4.403541
ZINC000000211317,4.408788
ZINC000283087787,4.408871
ZINC000000353894,4.412218
ZINC000014068219,4.413436
ZINC000006616292,4.413857
ZINC000006305851,4.416179
ZINC000000298020,4.416852
ZINC000065098016,4.42379
ZINC000409136766,4.429776
ZINC000005401743,4.434268
ZINC000020487887,4.435403
ZINC000010254034,4.43552
ZINC000001509352,4.437114
ZINC000001576717,4.440887
ZINC000002858524,4.444588
ZINC000001244551,4.447102
ZINC000075572519,4.450454
ZINC000012936287,4.452692
ZINC000408923808,4.453689
ZINC000000137020,4.455858
ZINC000409392358,4.456393
ZINC000002572316,4.457862
ZINC000001588837,4.459887
ZINC000408721986,4.460523
ZINC000065318793,4.460678
ZINC000003100797,4.461772
ZINC000065080234,4.463392
ZINC000100871612,4.465406
ZINC000059464230,4.469702
ZINC000006154536,4.470781
ZINC000036638679,4.471971
ZINC000015021579,4.472344
ZINC000001212970,4.474244
ZINC001547211725,4.474327
ZINC000009635344,4.474848
ZINC000004525230,4.476321
ZINC000016889991,4.477167
ZINC000023103894,4.48018
ZINC000000850563,4.480968
ZINC000095399054,4.485963
ZINC000005496438,4.487314
ZINC000002145514,4.488157
ZINC000005391035,4.488486
ZINC000009805946,4.496477
ZINC000076041092,4.500437
ZINC000102934261,4.502987
ZINC000003154956,4.504498
ZINC000003264790,4.504583
ZINC000000822920,4.505841
ZINC000004069870,4.506069
ZINC000065609190,4.506784
ZINC000089608861,4.510151
ZINC000109741031,4.510269
ZINC000005503044,4.517721
ZINC000016778043,4.525273
ZINC000000137014,4.525688
ZINC000095448142,4.53538
ZINC000000823276,4.536276
ZINC000008661224,4.540716
ZINC000012604813,4.540899
ZINC000001509368,4.54161
ZINC000227173892,4.543863
ZINC000003100803,4.546857
ZINC000001096066,4.550144
ZINC000000339016,4.550741
ZINC000002741122,4.551718
ZINC000002851487,4.55225
ZINC000000126908,4.554701
ZINC000004270532,4.555191
ZINC000095929424,4.563711
ZINC000000512949,4.567821
ZINC000013577079,4.572558
ZINC000001152176,4.577717
ZINC000102957524,4.580277
ZINC000032109475,4.581821
ZINC000005460657,4.589047
ZINC000009404812,4.589611
ZINC000044676404,4.596825
ZINC000044106979,4.601784
ZINC000065158303,4.608082
ZINC000007608419,4.610135
ZINC000021599353,4.611528
ZINC000069457982,4.615425
ZINC000002551732,4.618871
ZINC000033375242,4.618913
ZINC000067539987,4.621023
ZINC000041267374,4.62111
ZINC000041267686,4.621133
ZINC000012530055,4.62116
ZINC000032915850,4.631242
ZINC000103444097,4.633307
ZINC000003550072,4.63592
ZINC000002516944,4.638158
ZINC000032721727,4.638562
ZINC000002847985,4.639842
ZINC000003143988,4.640536
ZINC000002142420,4.641763
ZINC000000652836,4.643769
ZINC000103680492,4.64664
ZINC000020156309,4.649304
ZINC000000397740,4.65201
ZINC000000570380,4.653587
ZINC000111135409,4.657919
ZINC000001028120,4.660346
ZINC000000356136,4.662045
ZINC000004769401,4.663207
ZINC000071796399,4.66983
ZINC000007780187,4.670023
ZINC000021090448,4.67082
ZINC000000752142,4.671695
ZINC000006158818,4.673502
ZINC000001160389,4.683444
ZINC000003336500,4.697559
ZINC000000512966,4.699923
ZINC000108199148,4.707424
ZINC000012759130,4.717519
ZINC000000551158,4.720865
ZINC001506424708,4.724025
ZINC000001574337,4.727523
ZINC000013407026,4.728916
ZINC000000458495,4.730141
ZINC000011164663,4.734493
ZINC000005480685,4.737465
ZINC000069705319,4.738923
ZINC000014241075,4.73988
ZINC000032906729,4.749791
ZINC000000050805,4.753633
ZINC000004516861,4.759694
ZINC000060433949,4.761753
ZINC000004089438,4.775031
ZINC000013576251,4.775156
ZINC000069618943,4.779335
ZINC000092583038,4.784294
ZINC000000451799,4.787748
ZINC000000512962,4.789136
ZINC000005669871,4.789647
ZINC000000443699,4.791868
ZINC000000655459,4.792944
ZINC000000570381,4.797058
ZINC000036700223,4.79819
ZINC000036617073,4.799094
ZINC000006022743,4.806031
ZINC000000144006,4.814082
ZINC000047194852,4.815491
ZINC000069741219,4.8167
ZINC000032833609,4.817026
ZINC000014142356,4.820027
ZINC000065282936,4.820392
ZINC000002718552,4.821829
ZINC000105984157,4.82939
ZINC000000354236,4.832999
ZINC000254384251,4.833535
ZINC000408975954,4.844757
ZINC000000209483,4.847733
ZINC000044504877,4.849562
ZINC000038191314,4.850797
ZINC000033007680,4.855019
ZINC000230219585,4.8593
ZINC000003852419,4.859587
ZINC000097981253,4.860758
ZINC000000114886,4.873908
ZINC000000987082,4.877375
ZINC000001627630,4.878803
ZINC000057313482,4.87987
ZINC000005897604,4.882665
ZINC000065153646,4.88976
ZINC000000285215,4.903598
ZINC000040268064,4.904675
ZINC000142081723,4.918524
ZINC000095471029,4.924147
ZINC000095447574,4.924405
ZINC000223865315,4.926245
ZINC000016941092,4.945904
ZINC000011164859,4.961233
ZINC000408666959,4.961896
ZINC000004084380,4.968626
ZINC000011667648,4.973885
ZINC000254380728,4.985242
ZINC000033175594,4.996503
ZINC000008661232,4.996551
ZINC000000710934,4.999047
ZINC000071796397,5.004404
ZINC000100842147,5.005452
ZINC000000678843,5.0074
ZINC000025307273,5.008627
ZINC000002472243,5.012149
ZINC000000367803,5.01459
ZINC000071796400,5.017648
ZINC000012760935,5.020372
ZINC000001162984,5.020583
ZINC000006852622,5.030343
ZINC000006721361,5.030792
ZINC000005678607,5.040965
ZINC000102286786,5.042548
ZINC000001175595,5.047903
ZINC000426388384,5.049938
ZINC000170609203,5.064425
ZINC000096999404,5.071216
ZINC000000368073,5.075303
ZINC000065283060,5.079947
ZINC000003306900,5.080274
ZINC000003293171,5.090851
ZINC000097982372,5.091556
ZINC000002955884,5.092703
ZINC000000190515,5.100072
ZINC000253431121,5.100805
ZINC000095992139,5.11032
ZINC000069533252,5.11562
ZINC000048302011,5.120496
ZINC000102149052,5.125644
ZINC000016949138,5.145596
ZINC000004366711,5.151211
ZINC000016955701,5.151731
ZINC000003104753,5.162001
ZINC000009155376,5.170047
ZINC000254559180,5.174629
ZINC000009064568,5.178578
ZINC000006646159,5.181463
ZINC000028793861,5.184025
ZINC000064758002,5.188425
ZINC000150407861,5.189473
ZINC000032744438,5.19145
ZINC000575443586,5.193186
ZINC000079105828,5.193765
ZINC000013403741,5.194363
ZINC000001448032,5.194982
ZINC000000353959,5.196088
ZINC000019511863,5.209592
ZINC000001110362,5.214795
ZINC000000374564,5.21626
ZINC000015746222,5.217933
ZINC000004058084,5.221106
ZINC000004090598,5.226291
ZINC000056080996,5.234743
ZINC000003281176,5.237737
ZINC000033025755,5.244666
ZINC000004135054,5.25609
ZINC000011565657,5.26071
ZINC000000090720,5.264446
ZINC000004859431,5.266114
ZINC000000532985,5.281051
ZINC000006681979,5.282201
ZINC000067787703,5.283567
ZINC000005741088,5.286077
ZINC000001196511,5.300017
ZINC000017091398,5.304684
ZINC000132914295,5.326277
ZINC000020565020,5.331568
ZINC000069950300,5.337766
ZINC000245171718,5.337967
ZINC000069581410,5.360509
ZINC000334160387,5.369695
ZINC000002741260,5.369738
ZINC000009858376,5.379308
ZINC000055165759,5.38414
ZINC000005900041,5.387904
ZINC000002211736,5.423165
ZINC000003119417,5.430573
ZINC000012380153,5.435511
ZINC000001517375,5.451503
ZINC000097960211,5.454096
ZINC000604418506,5.467541
ZINC000003265082,5.471333
ZINC000012996204,5.484806
ZINC000097984703,5.485815
ZINC000038238577,5.499211
ZINC000020616674,5.499681
ZINC000001513456,5.506702
ZINC000000468702,5.509208
ZINC000001716762,5.511171
ZINC000220488757,5.514482
ZINC000000471045,5.527265
ZINC000064867685,5.539363
ZINC000013353973,5.56773
ZINC000009135209,5.572286
ZINC000001144270,5.572635
ZINC000018029412,5.576259
ZINC000096931098,5.586568
ZINC000013717084,5.592389
ZINC000058420153,5.603008
ZINC000110938292,5.606868
ZINC000089591505,5.611871
ZINC000008433938,5.613713
ZINC000020648445,5.625931
ZINC000013234865,5.626369
ZINC000003408225,5.628683
ZINC000103021690,5.636092
ZINC000036390620,5.637592
ZINC000020623118,5.639223
ZINC000000677089,5.641774
ZINC000004033771,5.651118
ZINC000000299417,5.654048
ZINC000065496623,5.657227
ZINC000100672315,5.66082
ZINC000096839127,5.66359
ZINC000000075213,5.67019
ZINC000009002279,5.670271
ZINC000032932366,5.674069
ZINC000012364734,5.695543
ZINC000027753500,5.696509
ZINC000022412177,5.709964
ZINC000075163561,5.710725
ZINC000069705145,5.71803
ZINC000100873082,5.71891
ZINC000055325332,5.723023
ZINC000002654985,5.724968
ZINC000100844434,5.731794
ZINC000006279468,5.750052
ZINC000004263862,5.76104
ZINC000003211291,5.761242
ZINC000040146826,5.767426
ZINC000048253079,5.768058
ZINC000001573713,5.780343
ZINC000033729844,5.787019
ZINC000005685230,5.79469
ZINC000079105820,5.804516
ZINC000024973622,5.805753
ZINC000952869687,5.810793
ZINC000000936115,5.821388
ZINC000005640157,5.82453
ZINC000098007320,5.826205
ZINC000226102062,5.828419
ZINC000058423708,5.839106
ZINC000136229435,5.864851
ZINC000001600546,5.8792
ZINC000016362955,5.882856
ZINC000058850537,5.892768
ZINC000097948272,5.896798
ZINC000211601571,5.897483
ZINC000040162875,5.910265
ZINC000002471627,5.913866
ZINC000010157577,5.918453
ZINC000089756572,5.925117
ZINC000009671110,5.927093
ZINC000009543526,5.935196
ZINC000023472367,5.948066
ZINC000001071100,5.950111
ZINC000006822072,5.953615
ZINC000001029114,5.953989
ZINC000003143986,5.958537
ZINC000032025384,5.9595
ZINC000827720645,5.970042
ZINC000006553662,5.977866
ZINC000001210390,6.011178
ZINC000040049281,6.017311
ZINC000019910503,6.030898
ZINC000013730020,6.036088
ZINC000096174842,6.05154
ZINC000095080280,6.063945
ZINC000004954849,6.069875
ZINC000006590079,6.074204
ZINC000001021077,6.080412
ZINC000032903372,6.086876
ZINC000014271264,6.087266
ZINC000095350578,6.095847
ZINC000001170943,6.102584
ZINC000952977807,6.108599
ZINC000021806120,6.113674
ZINC000100217086,6.117806
ZINC000095394875,6.140727
ZINC000012811017,6.143262
ZINC000001174931,6.148044
ZINC000409415847,6.162121
ZINC000003087186,6.165509
ZINC000006498752,6.177226
ZINC000004949914,6.177749
ZINC000001397209,6.188883
ZINC000079095070,6.191649
ZINC000408749639,6.206803
ZINC000012792765,6.222199
ZINC000170602261,6.273536
ZINC000035585904,6.297851
ZINC000003877714,6.310986
ZINC000032754551,6.32846
ZINC000575613578,6.365677
ZINC000170676240,6.380731
ZINC000021148824,6.381555
ZINC000409144484,6.391027
ZINC000012547658,6.405837
ZINC000004789239,6.409409
ZINC000024594631,6.415978
ZINC000000823759,6.416761
ZINC000001194181,6.446565
ZINC000409129475,6.453134
ZINC000019716271,6.464423
ZINC000225750133,6.48746
ZINC000002339720,6.49005
ZINC000009153278,6.49632
ZINC000064942489,6.499615
ZINC000001108977,6.505333
ZINC000001681532,6.548161
ZINC001506418155,6.619235
ZINC000033037000,6.644374
ZINC000012525173,6.653382
ZINC000016320907,6.694549
ZINC000003164334,6.700809
ZINC000252620522,6.709616
ZINC000003388142,6.713173
ZINC000020616346,6.719916
ZINC000000820596,6.720611
ZINC000016320899,6.739162
ZINC000001081317,6.78057
ZINC000064896310,6.809729
ZINC000001196925,6.838318
ZINC000032908509,6.843362
ZINC000096449961,6.882119
ZINC000075161774,6.888371
ZINC000054149381,6.922652
ZINC000020744463,6.94469
ZINC000050590152,6.949221
ZINC000009153277,6.953138
ZINC000017197022,6.965622
ZINC000004065345,7.011248
ZINC000004458639,7.028999
ZINC000001514874,7.054642
ZINC000008594474,7.075198
ZINC000002565807,7.086994
ZINC000001386316,7.121083
ZINC000002856792,7.142187
ZINC000016283372,7.160726
ZINC000000434992,7.161328
ZINC000000367860,7.213668
ZINC000018096674,7.248422
ZINC000049002975,7.267172
ZINC000408977259,7.305903
ZINC000020015024,7.447504
ZINC000098049707,7.558584
ZINC000000826174,7.712525
ZINC000100930125,7.716412
ZINC000009331433,7.749565
ZINC000001230288,7.749658
ZINC000009480715,7.876249
ZINC000032847835,7.902965
ZINC000019622190,7.916332
ZINC000000655160,7.924752
ZINC000004176277,7.931687
ZINC000014196946,8.193063
ZINC000000969051,8.512269
ZINC000001176049,8.557331
ZINC000018185443,8.618877
ZINC000002051117,8.653419
ZINC000013149193,8.716096
ZINC000002565902,8.995469
ZINC000058426839,9.025471
ZINC000003997653,9.198387
